gen_id,candidate_id,knob_M,knob_N,knob_K,knob_tile_m,knob_tile_n,knob_tile_k,knob_wg_x,knob_wg_y,knob_wg_z,knob_subgroup_m_cnt,knob_subgroup_n_cnt,knob_intrinsic_mn,knob_intrinsic_k,knob_subgroup_m,knob_subgroup_n,knob_subgroup_k,knob_workgroup_tile_sizes,knob_subgroup_tile_sizes,knob_reduction_tile_sizes,to_compile,compile_status,to_benchmark,benchmark_device_id,benchmark_queue_position,benchmark_status,baseline_benchmark_time_us,benchmark_time_us,benchmark_speedup,benchmark_rank_order
1,1,64,1280,2048,32,32,1,128,1,1,2,2,16,16,1,1,0,"[32, 32, 0]","[1, 1, 0]","[0, 0, 1]",True,True,False,,,False,,,,
12,2,64,1280,2048,64,32,8,128,1,1,4,1,16,16,1,2,0,"[64, 32, 0]","[1, 2, 0]","[0, 0, 8]",True,True,True,hip://0,1,True,7.24,11.37,1.57158,223
19,3,64,1280,2048,64,32,32,128,1,1,4,1,16,16,1,2,0,"[64, 32, 0]","[1, 2, 0]","[0, 0, 32]",True,True,True,hip://0,2,True,7.24,6.35,0.87685,7
20,4,64,1280,2048,64,32,2,128,1,1,4,1,16,16,1,2,0,"[64, 32, 0]","[1, 2, 0]","[0, 0, 2]",True,True,True,hip://0,3,True,7.24,8.91,1.23093,118
21,5,64,1280,2048,64,32,1,128,1,1,4,1,16,16,1,2,0,"[64, 32, 0]","[1, 2, 0]","[0, 0, 1]",True,True,True,hip://0,4,True,7.24,9.83,1.35849,169
22,6,64,1280,2048,64,32,4,128,1,1,4,1,16,16,1,2,0,"[64, 32, 0]","[1, 2, 0]","[0, 0, 4]",True,True,True,hip://0,5,True,7.24,12.66,1.74894,283
23,7,64,1280,2048,64,32,16,128,1,1,4,1,16,16,1,2,0,"[64, 32, 0]","[1, 2, 0]","[0, 0, 16]",True,True,True,hip://0,6,True,7.24,7.83,1.0813,63
55,8,64,1280,2048,64,128,4,128,1,1,4,1,16,16,1,8,0,"[64, 128, 0]","[1, 8, 0]","[0, 0, 4]",True,True,True,hip://0,7,True,7.24,7.56,1.0452,53
58,9,64,1280,2048,64,128,16,128,1,1,4,1,16,16,1,8,0,"[64, 128, 0]","[1, 8, 0]","[0, 0, 16]",True,True,True,hip://0,8,True,7.24,11.84,1.63595,241
59,10,64,1280,2048,64,128,2,128,1,1,4,1,16,16,1,8,0,"[64, 128, 0]","[1, 8, 0]","[0, 0, 2]",True,True,True,hip://0,9,True,7.24,18.93,2.61627,427
60,11,64,1280,2048,64,128,1,128,1,1,4,1,16,16,1,8,0,"[64, 128, 0]","[1, 8, 0]","[0, 0, 1]",True,True,True,hip://0,10,True,7.24,22.26,3.0755,472
61,12,64,1280,2048,64,128,8,128,1,1,4,1,16,16,1,8,0,"[64, 128, 0]","[1, 8, 0]","[0, 0, 8]",True,True,True,hip://0,11,True,7.24,17.26,2.38567,397
95,13,64,1280,2048,64,80,16,128,1,1,4,1,16,16,1,5,0,"[64, 80, 0]","[1, 5, 0]","[0, 0, 16]",True,True,True,hip://0,12,True,7.24,19.81,2.73726,442
96,14,64,1280,2048,64,80,8,128,1,1,4,1,16,16,1,5,0,"[64, 80, 0]","[1, 5, 0]","[0, 0, 8]",True,True,True,hip://0,13,True,7.24,13.18,1.82183,306
97,15,64,1280,2048,64,64,32,128,1,1,4,1,16,16,1,4,0,"[64, 64, 0]","[1, 4, 0]","[0, 0, 32]",True,True,True,hip://0,14,True,7.24,7.55,1.04382,51
98,16,64,1280,2048,64,16,32,128,1,1,4,1,16,16,1,1,0,"[64, 16, 0]","[1, 1, 0]","[0, 0, 32]",True,True,True,hip://0,15,True,7.24,104.67,14.46348,585
99,17,64,1280,2048,64,64,16,128,1,1,4,1,16,16,1,4,0,"[64, 64, 0]","[1, 4, 0]","[0, 0, 16]",True,True,True,hip://0,16,True,7.24,8.35,1.15437,91
100,18,64,1280,2048,64,16,16,128,1,1,4,1,16,16,1,1,0,"[64, 16, 0]","[1, 1, 0]","[0, 0, 16]",True,True,True,hip://0,17,True,7.24,11.36,1.56944,222
101,19,64,1280,2048,64,64,4,128,1,1,4,1,16,16,1,4,0,"[64, 64, 0]","[1, 4, 0]","[0, 0, 4]",True,True,True,hip://0,18,True,7.24,7.79,1.0766,61
102,20,64,1280,2048,64,16,4,128,1,1,4,1,16,16,1,1,0,"[64, 16, 0]","[1, 1, 0]","[0, 0, 4]",True,True,True,hip://0,19,True,7.24,10.22,1.41205,182
103,21,64,1280,2048,64,64,1,128,1,1,4,1,16,16,1,4,0,"[64, 64, 0]","[1, 4, 0]","[0, 0, 1]",True,True,True,hip://0,20,True,7.24,8.13,1.12409,86
104,22,64,1280,2048,64,64,2,128,1,1,4,1,16,16,1,4,0,"[64, 64, 0]","[1, 4, 0]","[0, 0, 2]",True,True,True,hip://0,21,True,7.24,14.05,1.94177,327
105,23,64,1280,2048,64,64,8,128,1,1,4,1,16,16,1,4,0,"[64, 64, 0]","[1, 4, 0]","[0, 0, 8]",True,True,True,hip://0,22,True,7.24,10.93,1.50986,212
106,24,64,1280,2048,64,16,1,128,1,1,4,1,16,16,1,1,0,"[64, 16, 0]","[1, 1, 0]","[0, 0, 1]",True,True,True,hip://0,23,True,7.24,6.92,0.95599,25
107,25,64,1280,2048,64,16,2,128,1,1,4,1,16,16,1,1,0,"[64, 16, 0]","[1, 1, 0]","[0, 0, 2]",True,True,True,hip://0,24,True,7.24,11.92,1.64759,245
108,26,64,1280,2048,64,16,8,128,1,1,4,1,16,16,1,1,0,"[64, 16, 0]","[1, 1, 0]","[0, 0, 8]",True,True,True,hip://0,25,True,7.24,9.47,1.30827,148
109,27,64,1280,2048,64,160,16,128,1,1,4,1,16,16,1,10,0,"[64, 160, 0]","[1, 10, 0]","[0, 0, 16]",True,True,True,hip://0,26,True,7.24,6.1,0.84351,2
110,28,64,1280,2048,64,256,1,128,1,1,4,1,16,16,1,16,0,"[64, 256, 0]","[1, 16, 0]","[0, 0, 1]",True,True,True,hip://0,27,True,7.24,24.39,3.37027,489
111,29,64,1280,2048,64,320,1,128,1,1,4,1,16,16,1,20,0,"[64, 320, 0]","[1, 20, 0]","[0, 0, 1]",True,True,True,hip://0,28,True,7.24,27.16,3.75257,497
112,30,64,1280,2048,64,160,1,128,1,1,4,1,16,16,1,10,0,"[64, 160, 0]","[1, 10, 0]","[0, 0, 1]",True,True,True,hip://0,29,True,7.24,54.48,7.52794,563
113,31,64,1280,2048,64,80,1,128,1,1,4,1,16,16,1,5,0,"[64, 80, 0]","[1, 5, 0]","[0, 0, 1]",True,True,True,hip://0,30,True,7.24,36.96,5.10719,527
114,32,64,1280,2048,64,320,2,128,1,1,4,1,16,16,1,20,0,"[64, 320, 0]","[1, 20, 0]","[0, 0, 2]",True,True,True,hip://0,31,True,7.24,17.72,2.44801,409
115,33,64,1280,2048,64,256,2,128,1,1,4,1,16,16,1,16,0,"[64, 256, 0]","[1, 16, 0]","[0, 0, 2]",True,True,True,hip://0,32,True,7.24,33.52,4.63165,515
116,34,64,1280,2048,64,160,2,128,1,1,4,1,16,16,1,10,0,"[64, 160, 0]","[1, 10, 0]","[0, 0, 2]",True,True,True,hip://0,33,True,7.24,36.99,5.11076,528
117,35,64,1280,2048,64,80,2,128,1,1,4,1,16,16,1,5,0,"[64, 80, 0]","[1, 5, 0]","[0, 0, 2]",True,True,True,hip://0,34,True,7.24,34.32,4.74247,519
118,36,64,1280,2048,64,320,4,128,1,1,4,1,16,16,1,20,0,"[64, 320, 0]","[1, 20, 0]","[0, 0, 4]",True,True,True,hip://0,35,True,7.24,23.66,3.2698,479
119,37,64,1280,2048,64,256,4,128,1,1,4,1,16,16,1,16,0,"[64, 256, 0]","[1, 16, 0]","[0, 0, 4]",True,True,True,hip://0,36,True,7.24,43.1,5.95585,544
120,38,64,1280,2048,64,160,4,128,1,1,4,1,16,16,1,10,0,"[64, 160, 0]","[1, 10, 0]","[0, 0, 4]",True,True,True,hip://0,37,True,7.24,35.94,4.96605,525
121,39,64,1280,2048,64,320,8,128,1,1,4,1,16,16,1,20,0,"[64, 320, 0]","[1, 20, 0]","[0, 0, 8]",True,True,True,hip://0,38,True,7.24,14.94,2.06474,352
122,40,64,1280,2048,64,256,8,128,1,1,4,1,16,16,1,16,0,"[64, 256, 0]","[1, 16, 0]","[0, 0, 8]",True,True,True,hip://0,39,True,7.24,79.29,10.95601,573
123,41,64,1280,2048,64,160,8,128,1,1,4,1,16,16,1,10,0,"[64, 160, 0]","[1, 10, 0]","[0, 0, 8]",True,True,True,hip://0,40,True,7.24,35.64,4.92542,524
124,42,64,1280,2048,64,80,4,128,1,1,4,1,16,16,1,5,0,"[64, 80, 0]","[1, 5, 0]","[0, 0, 4]",True,True,True,hip://0,41,True,7.24,22.11,3.05525,470
199,43,64,1280,2048,16,256,1,256,1,1,1,8,16,16,1,2,0,"[16, 256, 0]","[1, 2, 0]","[0, 0, 1]",True,True,True,hip://0,42,True,7.24,21.3,2.94396,464
200,44,64,1280,2048,16,256,4,256,1,1,1,8,16,16,1,2,0,"[16, 256, 0]","[1, 2, 0]","[0, 0, 4]",True,True,True,hip://0,43,True,7.24,14.55,2.01036,340
201,45,64,1280,2048,16,256,2,256,1,1,1,8,16,16,1,2,0,"[16, 256, 0]","[1, 2, 0]","[0, 0, 2]",True,True,True,hip://0,44,True,7.24,10.3,1.42278,188
202,46,64,1280,2048,16,256,8,256,1,1,1,8,16,16,1,2,0,"[16, 256, 0]","[1, 2, 0]","[0, 0, 8]",True,True,True,hip://0,45,True,7.24,12.42,1.71682,268
203,47,64,1280,2048,32,256,4,256,1,1,1,8,16,16,2,2,0,"[32, 256, 0]","[2, 2, 0]","[0, 0, 4]",True,True,True,hip://0,46,True,7.24,7.76,1.07211,60
204,48,64,1280,2048,64,256,4,256,1,1,1,8,16,16,4,2,0,"[64, 256, 0]","[4, 2, 0]","[0, 0, 4]",True,True,True,hip://0,47,True,7.24,11.93,1.64808,246
205,49,64,1280,2048,32,256,2,256,1,1,1,8,16,16,2,2,0,"[32, 256, 0]","[2, 2, 0]","[0, 0, 2]",True,True,True,hip://0,48,True,7.24,16.56,2.28849,382
206,50,64,1280,2048,64,256,2,256,1,1,1,8,16,16,4,2,0,"[64, 256, 0]","[4, 2, 0]","[0, 0, 2]",True,True,True,hip://0,49,True,7.24,14.83,2.0488,348
207,51,64,1280,2048,32,256,8,256,1,1,1,8,16,16,2,2,0,"[32, 256, 0]","[2, 2, 0]","[0, 0, 8]",True,True,True,hip://0,50,True,7.24,17.24,2.38188,396
208,52,64,1280,2048,64,256,8,256,1,1,1,8,16,16,4,2,0,"[64, 256, 0]","[4, 2, 0]","[0, 0, 8]",True,True,True,hip://0,51,True,7.24,9.48,1.3104,150
209,53,64,1280,2048,64,256,1,256,1,1,1,8,16,16,4,2,0,"[64, 256, 0]","[4, 2, 0]","[0, 0, 1]",True,True,True,hip://0,52,True,7.24,13.46,1.86006,316
210,54,64,1280,2048,32,256,1,256,1,1,1,8,16,16,2,2,0,"[32, 256, 0]","[2, 2, 0]","[0, 0, 1]",True,True,True,hip://0,53,True,7.24,21.1,2.91596,461
229,55,64,1280,2048,32,320,8,128,1,1,1,4,16,16,2,5,0,"[32, 320, 0]","[2, 5, 0]","[0, 0, 8]",True,True,True,hip://0,54,True,7.24,17.42,2.40716,401
230,56,64,1280,2048,32,320,1,128,1,1,1,4,16,16,2,5,0,"[32, 320, 0]","[2, 5, 0]","[0, 0, 1]",True,True,True,hip://0,55,True,7.24,13.05,1.80262,299
231,57,64,1280,2048,32,320,2,128,1,1,1,4,16,16,2,5,0,"[32, 320, 0]","[2, 5, 0]","[0, 0, 2]",True,True,True,hip://0,56,True,7.24,43.9,6.06604,548
232,58,64,1280,2048,32,320,4,128,1,1,1,4,16,16,2,5,0,"[32, 320, 0]","[2, 5, 0]","[0, 0, 4]",True,True,True,hip://0,57,True,7.24,17.22,2.38007,395
233,59,64,1280,2048,16,320,1,128,1,1,1,4,16,16,1,5,0,"[16, 320, 0]","[1, 5, 0]","[0, 0, 1]",True,True,True,hip://0,58,True,7.24,14.17,1.95844,332
234,60,64,1280,2048,64,320,1,128,1,1,1,4,16,16,4,5,0,"[64, 320, 0]","[4, 5, 0]","[0, 0, 1]",True,True,True,hip://0,59,True,7.24,41.25,5.70071,539
246,61,64,1280,2048,64,320,2,128,1,1,1,4,16,16,4,5,0,"[64, 320, 0]","[4, 5, 0]","[0, 0, 2]",True,True,True,hip://0,60,True,7.24,48.33,6.67885,555
247,62,64,1280,2048,16,320,2,128,1,1,1,4,16,16,1,5,0,"[16, 320, 0]","[1, 5, 0]","[0, 0, 2]",True,True,True,hip://0,61,True,7.24,20.19,2.79055,450
249,63,64,1280,2048,64,320,8,128,1,1,1,4,16,16,4,5,0,"[64, 320, 0]","[4, 5, 0]","[0, 0, 8]",True,True,True,hip://0,62,True,7.24,14.87,2.0553,349
251,64,64,1280,2048,16,320,8,128,1,1,1,4,16,16,1,5,0,"[16, 320, 0]","[1, 5, 0]","[0, 0, 8]",True,True,True,hip://0,63,True,7.24,63.05,8.71267,568
253,65,64,1280,2048,16,320,4,128,1,1,1,4,16,16,1,5,0,"[16, 320, 0]","[1, 5, 0]","[0, 0, 4]",True,True,True,hip://0,64,True,7.24,9.91,1.36893,172
254,66,64,1280,2048,64,320,4,128,1,1,1,4,16,16,4,5,0,"[64, 320, 0]","[4, 5, 0]","[0, 0, 4]",True,True,True,hip://0,65,True,7.24,12.96,1.79103,294
298,67,64,1280,2048,32,256,8,128,1,1,1,4,16,16,2,4,0,"[32, 256, 0]","[2, 4, 0]","[0, 0, 8]",True,True,True,hip://0,66,True,7.24,23.56,3.25518,478
299,68,64,1280,2048,32,256,4,128,1,1,1,4,16,16,2,4,0,"[32, 256, 0]","[2, 4, 0]","[0, 0, 4]",True,True,True,hip://0,67,True,7.24,11.56,1.59692,230
300,69,64,1280,2048,32,256,2,128,1,1,1,4,16,16,2,4,0,"[32, 256, 0]","[2, 4, 0]","[0, 0, 2]",True,True,True,hip://0,68,True,7.24,12.05,1.66544,248
301,70,64,1280,2048,32,256,1,128,1,1,1,4,16,16,2,4,0,"[32, 256, 0]","[2, 4, 0]","[0, 0, 1]",True,True,True,hip://0,69,True,7.24,14.89,2.05804,350
302,71,64,1280,2048,64,256,1,128,1,1,1,4,16,16,4,4,0,"[64, 256, 0]","[4, 4, 0]","[0, 0, 1]",True,True,True,hip://0,70,True,7.24,18.42,2.54475,417
303,72,64,1280,2048,16,256,1,128,1,1,1,4,16,16,1,4,0,"[16, 256, 0]","[1, 4, 0]","[0, 0, 1]",True,True,True,hip://0,71,True,7.24,21.55,2.97811,466
304,73,64,1280,2048,16,256,8,128,1,1,1,4,16,16,1,4,0,"[16, 256, 0]","[1, 4, 0]","[0, 0, 8]",True,True,True,hip://0,72,True,7.24,15.39,2.12641,360
305,74,64,1280,2048,16,256,4,128,1,1,1,4,16,16,1,4,0,"[16, 256, 0]","[1, 4, 0]","[0, 0, 4]",True,True,True,hip://0,73,True,7.24,8.24,1.13847,89
306,75,64,1280,2048,16,256,2,128,1,1,1,4,16,16,1,4,0,"[16, 256, 0]","[1, 4, 0]","[0, 0, 2]",True,True,True,hip://0,74,True,7.24,10.33,1.42731,190
307,76,64,1280,2048,64,256,8,128,1,1,1,4,16,16,4,4,0,"[64, 256, 0]","[4, 4, 0]","[0, 0, 8]",True,True,True,hip://0,75,True,7.24,12.49,1.72546,273
308,77,64,1280,2048,64,256,4,128,1,1,1,4,16,16,4,4,0,"[64, 256, 0]","[4, 4, 0]","[0, 0, 4]",True,True,True,hip://0,76,True,7.24,17.62,2.43489,408
309,78,64,1280,2048,64,256,2,128,1,1,1,4,16,16,4,4,0,"[64, 256, 0]","[4, 4, 0]","[0, 0, 2]",True,True,True,hip://0,77,True,7.24,17.57,2.42825,407
356,79,64,1280,2048,64,160,8,128,1,1,2,2,16,16,2,5,0,"[64, 160, 0]","[2, 5, 0]","[0, 0, 8]",True,True,True,hip://0,78,True,7.24,17.56,2.42681,406
357,80,64,1280,2048,32,320,8,128,1,1,2,2,16,16,1,10,0,"[32, 320, 0]","[1, 10, 0]","[0, 0, 8]",True,True,True,hip://0,79,True,7.24,11.58,1.60048,232
358,81,64,1280,2048,64,160,4,128,1,1,2,2,16,16,2,5,0,"[64, 160, 0]","[2, 5, 0]","[0, 0, 4]",True,True,True,hip://0,80,True,7.24,23.11,3.19343,476
365,82,64,1280,2048,64,320,4,256,1,1,2,4,16,16,2,5,0,"[64, 320, 0]","[2, 5, 0]","[0, 0, 4]",True,True,True,hip://0,81,True,7.24,12.41,1.71451,266
366,83,64,1280,2048,64,320,2,256,1,1,2,4,16,16,2,5,0,"[64, 320, 0]","[2, 5, 0]","[0, 0, 2]",True,True,True,hip://0,82,True,7.24,18.55,2.56327,421
367,84,64,1280,2048,64,256,4,256,1,1,2,4,16,16,2,4,0,"[64, 256, 0]","[2, 4, 0]","[0, 0, 4]",True,True,True,hip://0,83,True,7.24,35.12,4.85354,523
368,85,64,1280,2048,64,256,1,256,1,1,2,4,16,16,2,4,0,"[64, 256, 0]","[2, 4, 0]","[0, 0, 1]",True,True,True,hip://0,84,True,7.24,15.95,2.20397,369
369,86,64,1280,2048,64,320,1,256,1,1,2,4,16,16,2,5,0,"[64, 320, 0]","[2, 5, 0]","[0, 0, 1]",True,True,True,hip://0,85,True,7.24,19.84,2.74161,443
370,87,64,1280,2048,64,320,8,256,1,1,2,4,16,16,2,5,0,"[64, 320, 0]","[2, 5, 0]","[0, 0, 8]",True,True,True,hip://0,86,True,7.24,37.82,5.2266,529
373,88,64,1280,2048,64,64,8,256,1,1,2,4,16,16,2,1,0,"[64, 64, 0]","[2, 1, 0]","[0, 0, 8]",True,True,True,hip://0,87,True,7.24,15.21,2.10126,355
378,89,64,1280,2048,64,256,8,256,1,1,2,4,16,16,2,4,0,"[64, 256, 0]","[2, 4, 0]","[0, 0, 8]",True,True,True,hip://0,88,True,7.24,7.1,0.98051,31
379,90,64,1280,2048,64,160,1,128,1,1,2,2,16,16,2,5,0,"[64, 160, 0]","[2, 5, 0]","[0, 0, 1]",True,True,True,hip://0,89,True,7.24,13.38,1.84938,314
380,91,64,1280,2048,64,160,1,256,1,1,4,2,16,16,1,5,0,"[64, 160, 0]","[1, 5, 0]","[0, 0, 1]",True,True,True,hip://0,90,True,7.24,37.95,5.24372,530
388,92,64,1280,2048,64,160,8,256,1,1,4,2,16,16,1,5,0,"[64, 160, 0]","[1, 5, 0]","[0, 0, 8]",True,True,True,hip://0,91,True,7.24,21.4,2.95712,465
389,93,64,1280,2048,32,64,8,256,1,1,2,4,16,16,1,1,0,"[32, 64, 0]","[1, 1, 0]","[0, 0, 8]",True,True,True,hip://0,92,True,7.24,10.42,1.43967,193
390,94,64,1280,2048,64,64,32,256,1,1,2,4,16,16,2,1,0,"[64, 64, 0]","[2, 1, 0]","[0, 0, 32]",True,True,True,hip://0,93,True,7.24,6.92,0.9567,26
391,95,64,1280,2048,64,64,16,256,1,1,2,4,16,16,2,1,0,"[64, 64, 0]","[2, 1, 0]","[0, 0, 16]",True,True,True,hip://0,94,True,7.24,109.01,15.06279,588
392,96,64,1280,2048,64,128,16,256,1,1,2,4,16,16,2,2,0,"[64, 128, 0]","[2, 2, 0]","[0, 0, 16]",True,True,True,hip://0,95,True,7.24,7.11,0.98277,32
393,97,64,1280,2048,16,64,2,128,1,1,1,4,16,16,1,1,0,"[16, 64, 0]","[1, 1, 0]","[0, 0, 2]",True,True,True,hip://0,96,True,7.24,9.62,1.32903,158
394,98,64,1280,2048,16,128,2,128,1,1,1,4,16,16,1,2,0,"[16, 128, 0]","[1, 2, 0]","[0, 0, 2]",True,True,True,hip://0,97,True,7.24,9.45,1.30612,147
395,99,64,1280,2048,16,64,4,128,1,1,1,4,16,16,1,1,0,"[16, 64, 0]","[1, 1, 0]","[0, 0, 4]",True,True,True,hip://0,98,True,7.24,10.56,1.45931,201
396,100,64,1280,2048,32,160,4,128,1,1,2,2,16,16,1,5,0,"[32, 160, 0]","[1, 5, 0]","[0, 0, 4]",True,True,True,hip://0,99,True,7.24,8.07,1.11566,80
397,101,64,1280,2048,32,160,1,128,1,1,2,2,16,16,1,5,0,"[32, 160, 0]","[1, 5, 0]","[0, 0, 1]",True,True,True,hip://0,100,True,7.24,9.8,1.35454,168
398,102,64,1280,2048,32,160,2,128,1,1,2,2,16,16,1,5,0,"[32, 160, 0]","[1, 5, 0]","[0, 0, 2]",True,True,True,hip://0,101,True,7.24,33.51,4.63049,514
399,103,64,1280,2048,32,160,8,128,1,1,2,2,16,16,1,5,0,"[32, 160, 0]","[1, 5, 0]","[0, 0, 8]",True,True,True,hip://0,102,True,7.24,29.37,4.05853,501
400,104,64,1280,2048,32,160,16,128,1,1,2,2,16,16,1,5,0,"[32, 160, 0]","[1, 5, 0]","[0, 0, 16]",True,True,True,hip://0,103,True,7.24,8.03,1.10908,74
402,105,64,1280,2048,32,64,4,256,1,1,2,4,16,16,1,1,0,"[32, 64, 0]","[1, 1, 0]","[0, 0, 4]",True,True,True,hip://0,104,True,7.24,13.9,1.9208,323
403,106,64,1280,2048,32,64,1,256,1,1,2,4,16,16,1,1,0,"[32, 64, 0]","[1, 1, 0]","[0, 0, 1]",True,True,True,hip://0,105,True,7.24,8.11,1.12044,82
404,107,64,1280,2048,32,64,2,256,1,1,2,4,16,16,1,1,0,"[32, 64, 0]","[1, 1, 0]","[0, 0, 2]",True,True,True,hip://0,106,True,7.24,12.5,1.72726,274
410,108,64,1280,2048,64,32,4,256,1,1,4,2,16,16,1,1,0,"[64, 32, 0]","[1, 1, 0]","[0, 0, 4]",True,True,True,hip://0,107,True,7.24,10.51,1.45196,198
413,109,64,1280,2048,64,320,4,256,1,1,4,2,16,16,1,10,0,"[64, 320, 0]","[1, 10, 0]","[0, 0, 4]",True,True,True,hip://0,108,True,7.24,8.05,1.11279,77
414,110,64,1280,2048,64,256,4,256,1,1,4,2,16,16,1,8,0,"[64, 256, 0]","[1, 8, 0]","[0, 0, 4]",True,True,True,hip://0,109,True,7.24,22.15,3.06051,471
415,111,64,1280,2048,64,160,4,256,1,1,4,2,16,16,1,5,0,"[64, 160, 0]","[1, 5, 0]","[0, 0, 4]",True,True,True,hip://0,110,True,7.24,18.64,2.57557,423
416,112,64,1280,2048,64,320,1,256,1,1,4,2,16,16,1,10,0,"[64, 320, 0]","[1, 10, 0]","[0, 0, 1]",True,True,True,hip://0,111,True,7.24,23.87,3.29817,480
417,113,64,1280,2048,32,320,1,128,1,1,2,2,16,16,1,10,0,"[32, 320, 0]","[1, 10, 0]","[0, 0, 1]",True,True,True,hip://0,112,True,7.24,39.54,5.46374,533
418,114,64,1280,2048,32,256,1,128,1,1,2,2,16,16,1,8,0,"[32, 256, 0]","[1, 8, 0]","[0, 0, 1]",True,True,True,hip://0,113,True,7.24,45.02,6.22075,551
419,115,64,1280,2048,32,256,1,256,1,1,2,4,16,16,1,4,0,"[32, 256, 0]","[1, 4, 0]","[0, 0, 1]",True,True,True,hip://0,114,True,7.24,17.45,2.41157,403
421,116,64,1280,2048,32,128,1,256,1,1,2,4,16,16,1,2,0,"[32, 128, 0]","[1, 2, 0]","[0, 0, 1]",True,True,True,hip://0,115,True,7.24,16.96,2.34345,390
422,117,64,1280,2048,64,64,1,256,1,1,4,2,16,16,1,2,0,"[64, 64, 0]","[1, 2, 0]","[0, 0, 1]",True,True,True,hip://0,116,True,7.24,14.09,1.94647,328
423,118,64,1280,2048,32,64,32,256,1,1,2,4,16,16,1,1,0,"[32, 64, 0]","[1, 1, 0]","[0, 0, 32]",True,True,True,hip://0,117,True,7.24,14.09,1.94674,329
424,119,64,1280,2048,32,64,16,256,1,1,2,4,16,16,1,1,0,"[32, 64, 0]","[1, 1, 0]","[0, 0, 16]",True,True,True,hip://0,118,True,7.24,9.12,1.26049,128
425,120,64,1280,2048,64,64,1,256,1,1,2,4,16,16,2,1,0,"[64, 64, 0]","[2, 1, 0]","[0, 0, 1]",True,True,True,hip://0,119,True,7.24,8.06,1.11407,79
426,121,64,1280,2048,16,64,1,128,1,1,1,4,16,16,1,1,0,"[16, 64, 0]","[1, 1, 0]","[0, 0, 1]",True,True,True,hip://0,120,True,7.24,13.77,1.90313,320
427,122,64,1280,2048,64,64,1,128,1,1,1,4,16,16,4,1,0,"[64, 64, 0]","[4, 1, 0]","[0, 0, 1]",True,True,True,hip://0,121,True,7.24,12.32,1.70276,262
428,123,64,1280,2048,16,64,8,128,1,1,1,4,16,16,1,1,0,"[16, 64, 0]","[1, 1, 0]","[0, 0, 8]",True,True,True,hip://0,122,True,7.24,14.94,2.06384,351
429,124,64,1280,2048,16,64,32,128,1,1,1,4,16,16,1,1,0,"[16, 64, 0]","[1, 1, 0]","[0, 0, 32]",True,True,True,hip://0,123,True,7.24,6.51,0.89989,11
430,125,64,1280,2048,16,64,16,128,1,1,1,4,16,16,1,1,0,"[16, 64, 0]","[1, 1, 0]","[0, 0, 16]",True,True,True,hip://0,124,True,7.24,8.74,1.20786,112
431,126,64,1280,2048,64,64,2,128,1,1,1,4,16,16,4,1,0,"[64, 64, 0]","[4, 1, 0]","[0, 0, 2]",True,True,True,hip://0,125,True,7.24,8.04,1.11156,75
432,127,64,1280,2048,64,64,2,256,1,1,2,4,16,16,2,1,0,"[64, 64, 0]","[2, 1, 0]","[0, 0, 2]",True,True,True,hip://0,126,True,7.24,11.29,1.56073,219
433,128,64,1280,2048,64,64,8,128,1,1,1,4,16,16,4,1,0,"[64, 64, 0]","[4, 1, 0]","[0, 0, 8]",True,True,True,hip://0,127,True,7.24,10.84,1.49839,211
436,129,64,1280,2048,64,32,1,256,1,1,4,2,16,16,1,1,0,"[64, 32, 0]","[1, 1, 0]","[0, 0, 1]",True,True,True,hip://0,128,True,7.24,7.3,1.00861,39
437,130,64,1280,2048,64,32,8,256,1,1,4,2,16,16,1,1,0,"[64, 32, 0]","[1, 1, 0]","[0, 0, 8]",True,True,True,hip://0,129,True,7.24,12.42,1.71585,267
438,131,64,1280,2048,64,32,32,256,1,1,4,2,16,16,1,1,0,"[64, 32, 0]","[1, 1, 0]","[0, 0, 32]",True,True,True,hip://0,130,True,7.24,6.81,0.94077,21
439,132,64,1280,2048,64,32,16,256,1,1,4,2,16,16,1,1,0,"[64, 32, 0]","[1, 1, 0]","[0, 0, 16]",True,True,True,hip://0,131,True,7.24,8.54,1.17957,100
440,133,64,1280,2048,64,32,2,256,1,1,4,2,16,16,1,1,0,"[64, 32, 0]","[1, 1, 0]","[0, 0, 2]",True,True,True,hip://0,132,True,7.24,7.93,1.0952,70
450,134,64,1280,2048,32,320,4,256,1,1,2,4,16,16,1,5,0,"[32, 320, 0]","[1, 5, 0]","[0, 0, 4]",True,True,True,hip://0,133,True,7.24,10.07,1.39112,175
451,135,64,1280,2048,64,256,2,256,1,1,2,4,16,16,2,4,0,"[64, 256, 0]","[2, 4, 0]","[0, 0, 2]",True,True,True,hip://0,134,True,7.24,14.13,1.95206,331
452,136,64,1280,2048,16,128,4,128,1,1,1,4,16,16,1,2,0,"[16, 128, 0]","[1, 2, 0]","[0, 0, 4]",True,True,True,hip://0,135,True,7.24,17.47,2.4146,404
456,137,64,1280,2048,64,320,2,256,1,1,4,2,16,16,1,10,0,"[64, 320, 0]","[1, 10, 0]","[0, 0, 2]",True,True,True,hip://0,136,True,7.24,8.84,1.22175,116
457,138,64,1280,2048,16,128,16,128,1,1,1,4,16,16,1,2,0,"[16, 128, 0]","[1, 2, 0]","[0, 0, 16]",True,True,True,hip://0,137,True,7.24,38.08,5.26234,531
458,139,64,1280,2048,16,128,1,128,1,1,1,4,16,16,1,2,0,"[16, 128, 0]","[1, 2, 0]","[0, 0, 1]",True,True,True,hip://0,138,True,7.24,9.64,1.33145,160
459,140,64,1280,2048,16,128,1,256,1,1,1,8,16,16,1,1,0,"[16, 128, 0]","[1, 1, 0]","[0, 0, 1]",True,True,True,hip://0,139,True,7.24,13.04,1.80214,298
460,141,64,1280,2048,16,128,8,128,1,1,1,4,16,16,1,2,0,"[16, 128, 0]","[1, 2, 0]","[0, 0, 8]",True,True,True,hip://0,140,True,7.24,13.59,1.8773,317
461,142,64,1280,2048,16,128,2,256,1,1,1,8,16,16,1,1,0,"[16, 128, 0]","[1, 1, 0]","[0, 0, 2]",True,True,True,hip://0,141,True,7.24,6.98,0.96406,28
462,143,64,1280,2048,16,128,16,256,1,1,1,8,16,16,1,1,0,"[16, 128, 0]","[1, 1, 0]","[0, 0, 16]",True,True,True,hip://0,142,True,7.24,10.78,1.48998,209
463,144,64,1280,2048,16,128,4,256,1,1,1,8,16,16,1,1,0,"[16, 128, 0]","[1, 1, 0]","[0, 0, 4]",True,True,True,hip://0,143,True,7.24,9.57,1.32291,154
464,145,64,1280,2048,16,128,8,256,1,1,1,8,16,16,1,1,0,"[16, 128, 0]","[1, 1, 0]","[0, 0, 8]",True,True,True,hip://0,144,True,7.24,9.22,1.27418,133
465,146,64,1280,2048,32,128,2,128,1,1,1,4,16,16,2,2,0,"[32, 128, 0]","[2, 2, 0]","[0, 0, 2]",True,True,True,hip://0,145,True,7.24,7.4,1.02314,43
466,147,64,1280,2048,64,128,2,128,1,1,1,4,16,16,4,2,0,"[64, 128, 0]","[4, 2, 0]","[0, 0, 2]",True,True,True,hip://0,146,True,7.24,12.43,1.71698,269
467,148,64,1280,2048,32,128,16,128,1,1,1,4,16,16,2,2,0,"[32, 128, 0]","[2, 2, 0]","[0, 0, 16]",True,True,True,hip://0,147,True,7.24,13.34,1.8436,313
468,149,64,1280,2048,64,128,16,128,1,1,1,4,16,16,4,2,0,"[64, 128, 0]","[4, 2, 0]","[0, 0, 16]",True,True,True,hip://0,148,True,7.24,9.5,1.31296,151
469,150,64,1280,2048,32,128,4,128,1,1,1,4,16,16,2,2,0,"[32, 128, 0]","[2, 2, 0]","[0, 0, 4]",True,True,True,hip://0,149,True,7.24,13.97,1.93096,325
470,151,64,1280,2048,32,128,8,128,1,1,1,4,16,16,2,2,0,"[32, 128, 0]","[2, 2, 0]","[0, 0, 8]",True,True,True,hip://0,150,True,7.24,9.04,1.24982,123
471,152,64,1280,2048,32,128,1,128,1,1,1,4,16,16,2,2,0,"[32, 128, 0]","[2, 2, 0]","[0, 0, 1]",True,True,True,hip://0,151,True,7.24,6.91,0.95512,23
472,153,64,1280,2048,64,128,4,128,1,1,1,4,16,16,4,2,0,"[64, 128, 0]","[4, 2, 0]","[0, 0, 4]",True,True,True,hip://0,152,True,7.24,13.93,1.92469,324
473,154,64,1280,2048,64,128,8,128,1,1,1,4,16,16,4,2,0,"[64, 128, 0]","[4, 2, 0]","[0, 0, 8]",True,True,True,hip://0,153,True,7.24,11.68,1.61421,235
474,155,64,1280,2048,64,128,1,128,1,1,1,4,16,16,4,2,0,"[64, 128, 0]","[4, 2, 0]","[0, 0, 1]",True,True,True,hip://0,154,True,7.24,9.47,1.30884,149
481,156,64,1280,2048,64,128,16,256,1,1,1,8,16,16,4,1,0,"[64, 128, 0]","[4, 1, 0]","[0, 0, 16]",True,True,True,hip://0,155,True,7.24,17.08,2.36049,391
482,157,64,1280,2048,64,128,2,256,1,1,1,8,16,16,4,1,0,"[64, 128, 0]","[4, 1, 0]","[0, 0, 2]",True,True,True,hip://0,156,True,7.24,13.32,1.84115,311
483,158,64,1280,2048,64,128,4,256,1,1,1,8,16,16,4,1,0,"[64, 128, 0]","[4, 1, 0]","[0, 0, 4]",True,True,True,hip://0,157,True,7.24,14.59,2.01668,343
485,159,64,1280,2048,64,128,8,256,1,1,1,8,16,16,4,1,0,"[64, 128, 0]","[4, 1, 0]","[0, 0, 8]",True,True,True,hip://0,158,True,7.24,12.7,1.75518,284
487,160,64,1280,2048,64,128,1,256,1,1,1,8,16,16,4,1,0,"[64, 128, 0]","[4, 1, 0]","[0, 0, 1]",True,True,True,hip://0,159,True,7.24,10.26,1.41754,184
489,161,64,1280,2048,32,128,1,256,1,1,1,8,16,16,2,1,0,"[32, 128, 0]","[2, 1, 0]","[0, 0, 1]",True,True,True,hip://0,160,True,7.24,16.38,2.26355,378
490,162,64,1280,2048,32,128,16,256,1,1,1,8,16,16,2,1,0,"[32, 128, 0]","[2, 1, 0]","[0, 0, 16]",True,True,True,hip://0,161,True,7.24,15.96,2.20538,370
491,163,64,1280,2048,32,128,2,256,1,1,1,8,16,16,2,1,0,"[32, 128, 0]","[2, 1, 0]","[0, 0, 2]",True,True,True,hip://0,162,True,7.24,7.66,1.05858,58
492,164,64,1280,2048,32,128,8,256,1,1,1,8,16,16,2,1,0,"[32, 128, 0]","[2, 1, 0]","[0, 0, 8]",True,True,True,hip://0,163,True,7.24,11.26,1.55587,218
493,165,64,1280,2048,32,128,4,256,1,1,1,8,16,16,2,1,0,"[32, 128, 0]","[2, 1, 0]","[0, 0, 4]",True,True,True,hip://0,164,True,7.24,7.01,0.96891,29
538,166,64,1280,2048,64,64,4,128,1,1,1,4,16,16,4,1,0,"[64, 64, 0]","[4, 1, 0]","[0, 0, 4]",True,True,True,hip://0,165,True,7.24,9.25,1.27883,136
539,167,64,1280,2048,64,64,32,128,1,1,1,4,16,16,4,1,0,"[64, 64, 0]","[4, 1, 0]","[0, 0, 32]",True,True,True,hip://0,166,True,7.24,8.56,1.18247,102
540,168,64,1280,2048,64,64,16,128,1,1,1,4,16,16,4,1,0,"[64, 64, 0]","[4, 1, 0]","[0, 0, 16]",True,True,True,hip://0,167,True,7.24,105.6,14.59161,586
541,169,64,1280,2048,32,64,1,128,1,1,1,4,16,16,2,1,0,"[32, 64, 0]","[2, 1, 0]","[0, 0, 1]",True,True,True,hip://0,168,True,7.24,11.41,1.57617,226
542,170,64,1280,2048,32,64,2,128,1,1,1,4,16,16,2,1,0,"[32, 64, 0]","[2, 1, 0]","[0, 0, 2]",True,True,True,hip://0,169,True,7.24,12.78,1.7664,287
543,171,64,1280,2048,32,64,8,128,1,1,1,4,16,16,2,1,0,"[32, 64, 0]","[2, 1, 0]","[0, 0, 8]",True,True,True,hip://0,170,True,7.24,10.53,1.45505,200
544,172,64,1280,2048,32,64,4,128,1,1,1,4,16,16,2,1,0,"[32, 64, 0]","[2, 1, 0]","[0, 0, 4]",True,True,True,hip://0,171,True,7.24,6.69,0.92394,17
545,173,64,1280,2048,32,64,32,128,1,1,1,4,16,16,2,1,0,"[32, 64, 0]","[2, 1, 0]","[0, 0, 32]",True,True,True,hip://0,172,True,7.24,7.64,1.05553,56
546,174,64,1280,2048,32,64,16,128,1,1,1,4,16,16,2,1,0,"[32, 64, 0]","[2, 1, 0]","[0, 0, 16]",True,True,True,hip://0,173,True,7.24,9.19,1.27039,132
547,175,64,1280,2048,64,128,1,256,1,1,2,4,16,16,2,2,0,"[64, 128, 0]","[2, 2, 0]","[0, 0, 1]",True,True,True,hip://0,174,True,7.24,7.2,0.99457,35
548,176,64,1280,2048,64,128,2,256,1,1,2,4,16,16,2,2,0,"[64, 128, 0]","[2, 2, 0]","[0, 0, 2]",True,True,True,hip://0,175,True,7.24,15.69,2.16764,364
549,177,64,1280,2048,64,128,8,256,1,1,2,4,16,16,2,2,0,"[64, 128, 0]","[2, 2, 0]","[0, 0, 8]",True,True,True,hip://0,176,True,7.24,12.89,1.78093,291
550,178,64,1280,2048,64,128,4,256,1,1,2,4,16,16,2,2,0,"[64, 128, 0]","[2, 2, 0]","[0, 0, 4]",True,True,True,hip://0,177,True,7.24,9.53,1.31649,152
551,179,64,1280,2048,64,64,4,256,1,1,2,4,16,16,2,1,0,"[64, 64, 0]","[2, 1, 0]","[0, 0, 4]",True,True,True,hip://0,178,True,7.24,10.45,1.44443,196
552,180,64,1280,2048,32,320,8,256,1,1,2,4,16,16,1,5,0,"[32, 320, 0]","[1, 5, 0]","[0, 0, 8]",True,True,True,hip://0,179,True,7.24,8.4,1.16064,94
553,181,64,1280,2048,32,256,8,256,1,1,2,4,16,16,1,4,0,"[32, 256, 0]","[1, 4, 0]","[0, 0, 8]",True,True,True,hip://0,180,True,7.24,11.17,1.54302,216
554,182,64,1280,2048,32,128,8,256,1,1,2,4,16,16,1,2,0,"[32, 128, 0]","[1, 2, 0]","[0, 0, 8]",True,True,True,hip://0,181,True,7.24,9.8,1.35443,167
555,183,64,1280,2048,32,320,1,256,1,1,2,4,16,16,1,5,0,"[32, 320, 0]","[1, 5, 0]","[0, 0, 1]",True,True,True,hip://0,182,True,7.24,7.08,0.97839,30
556,184,64,1280,2048,32,320,2,256,1,1,2,4,16,16,1,5,0,"[32, 320, 0]","[1, 5, 0]","[0, 0, 2]",True,True,True,hip://0,183,True,7.24,34.54,4.77339,520
557,185,64,1280,2048,32,256,2,256,1,1,2,4,16,16,1,4,0,"[32, 256, 0]","[1, 4, 0]","[0, 0, 2]",True,True,True,hip://0,184,True,7.24,30.36,4.19553,502
558,186,64,1280,2048,32,128,2,256,1,1,2,4,16,16,1,2,0,"[32, 128, 0]","[1, 2, 0]","[0, 0, 2]",True,True,True,hip://0,185,True,7.24,16.8,2.32081,389
559,187,64,1280,2048,32,128,16,256,1,1,2,4,16,16,1,2,0,"[32, 128, 0]","[1, 2, 0]","[0, 0, 16]",True,True,True,hip://0,186,True,7.24,11.4,1.57515,225
560,188,64,1280,2048,32,256,4,256,1,1,2,4,16,16,1,4,0,"[32, 256, 0]","[1, 4, 0]","[0, 0, 4]",True,True,True,hip://0,187,True,7.24,7.33,1.01289,40
561,189,64,1280,2048,32,128,4,256,1,1,2,4,16,16,1,2,0,"[32, 128, 0]","[1, 2, 0]","[0, 0, 4]",True,True,True,hip://0,188,True,7.24,13.16,1.8179,305
564,190,64,1280,2048,32,64,1,128,1,1,2,2,16,16,1,2,0,"[32, 64, 0]","[1, 2, 0]","[0, 0, 1]",True,True,True,hip://0,189,True,7.24,8.68,1.19889,108
568,191,64,1280,2048,32,128,1,128,1,1,2,2,16,16,1,4,0,"[32, 128, 0]","[1, 4, 0]","[0, 0, 1]",True,True,True,hip://0,190,True,7.24,12.48,1.72391,272
589,192,64,1280,2048,32,32,2,128,1,1,2,2,16,16,1,1,0,"[32, 32, 0]","[1, 1, 0]","[0, 0, 2]",True,True,True,hip://0,191,True,7.24,13.78,1.90412,321
590,193,64,1280,2048,32,64,2,128,1,1,2,2,16,16,1,2,0,"[32, 64, 0]","[1, 2, 0]","[0, 0, 2]",True,True,True,hip://0,192,True,7.24,9.31,1.28635,138
591,194,64,1280,2048,32,320,2,128,1,1,2,2,16,16,1,10,0,"[32, 320, 0]","[1, 10, 0]","[0, 0, 2]",True,True,True,hip://0,193,True,7.24,10.22,1.41189,180
592,195,64,1280,2048,32,256,2,128,1,1,2,2,16,16,1,8,0,"[32, 256, 0]","[1, 8, 0]","[0, 0, 2]",True,True,True,hip://0,194,True,7.24,17.89,2.47181,411
593,196,64,1280,2048,32,128,2,128,1,1,2,2,16,16,1,4,0,"[32, 128, 0]","[1, 4, 0]","[0, 0, 2]",True,True,True,hip://0,195,True,7.24,15.99,2.20926,371
594,197,64,1280,2048,32,32,4,128,1,1,2,2,16,16,1,1,0,"[32, 32, 0]","[1, 1, 0]","[0, 0, 4]",True,True,True,hip://0,196,True,7.24,11.57,1.59854,231
595,198,64,1280,2048,32,64,4,128,1,1,2,2,16,16,1,2,0,"[32, 64, 0]","[1, 2, 0]","[0, 0, 4]",True,True,True,hip://0,197,True,7.24,7.2,0.99485,36
596,199,64,1280,2048,32,32,32,128,1,1,2,2,16,16,1,1,0,"[32, 32, 0]","[1, 1, 0]","[0, 0, 32]",True,True,True,hip://0,198,True,7.24,7.52,1.03951,49
597,200,64,1280,2048,32,32,16,128,1,1,2,2,16,16,1,1,0,"[32, 32, 0]","[1, 1, 0]","[0, 0, 16]",True,True,True,hip://0,199,True,7.24,7.65,1.05699,57
598,201,64,1280,2048,32,32,8,128,1,1,2,2,16,16,1,1,0,"[32, 32, 0]","[1, 1, 0]","[0, 0, 8]",True,True,True,hip://0,200,True,7.24,7.44,1.02804,45
599,202,64,1280,2048,32,64,32,128,1,1,2,2,16,16,1,2,0,"[32, 64, 0]","[1, 2, 0]","[0, 0, 32]",True,True,True,hip://0,201,True,7.24,6.17,0.85255,4
600,203,64,1280,2048,32,64,16,128,1,1,2,2,16,16,1,2,0,"[32, 64, 0]","[1, 2, 0]","[0, 0, 16]",True,True,True,hip://0,202,True,7.24,8.75,1.20863,113
601,204,64,1280,2048,32,64,8,128,1,1,2,2,16,16,1,2,0,"[32, 64, 0]","[1, 2, 0]","[0, 0, 8]",True,True,True,hip://0,203,True,7.24,7.29,1.00704,38
602,205,64,1280,2048,32,256,8,128,1,1,2,2,16,16,1,8,0,"[32, 256, 0]","[1, 8, 0]","[0, 0, 8]",True,True,True,hip://0,204,True,7.24,6.17,0.85216,3
603,206,64,1280,2048,32,256,4,128,1,1,2,2,16,16,1,8,0,"[32, 256, 0]","[1, 8, 0]","[0, 0, 4]",True,True,True,hip://0,205,True,7.24,19.02,2.62856,429
604,207,64,1280,2048,32,320,4,128,1,1,2,2,16,16,1,10,0,"[32, 320, 0]","[1, 10, 0]","[0, 0, 4]",True,True,True,hip://0,206,True,7.24,12.78,1.76544,286
605,208,64,1280,2048,32,128,4,128,1,1,2,2,16,16,1,4,0,"[32, 128, 0]","[1, 4, 0]","[0, 0, 4]",True,True,True,hip://0,207,True,7.24,15.87,2.19243,365
606,209,64,1280,2048,32,128,16,128,1,1,2,2,16,16,1,4,0,"[32, 128, 0]","[1, 4, 0]","[0, 0, 16]",True,True,True,hip://0,208,True,7.24,9.57,1.32303,155
607,210,64,1280,2048,32,128,8,128,1,1,2,2,16,16,1,4,0,"[32, 128, 0]","[1, 4, 0]","[0, 0, 8]",True,True,True,hip://0,209,True,7.24,11.81,1.6317,239
608,211,64,1280,2048,64,64,2,256,1,1,4,2,16,16,1,2,0,"[64, 64, 0]","[1, 2, 0]","[0, 0, 2]",True,True,True,hip://0,210,True,7.24,7.46,1.03075,47
609,212,64,1280,2048,64,160,2,256,1,1,4,2,16,16,1,5,0,"[64, 160, 0]","[1, 5, 0]","[0, 0, 2]",True,True,True,hip://0,211,True,7.24,10.83,1.4969,210
610,213,64,1280,2048,64,256,1,256,1,1,4,2,16,16,1,8,0,"[64, 256, 0]","[1, 8, 0]","[0, 0, 1]",True,True,True,hip://0,212,True,7.24,26.37,3.64359,496
611,214,64,1280,2048,64,256,2,256,1,1,4,2,16,16,1,8,0,"[64, 256, 0]","[1, 8, 0]","[0, 0, 2]",True,True,True,hip://0,213,True,7.24,20.17,2.78739,449
612,215,64,1280,2048,64,64,4,256,1,1,4,2,16,16,1,2,0,"[64, 64, 0]","[1, 2, 0]","[0, 0, 4]",True,True,True,hip://0,214,True,7.24,24.29,3.35709,486
613,216,64,1280,2048,64,160,16,256,1,1,4,2,16,16,1,5,0,"[64, 160, 0]","[1, 5, 0]","[0, 0, 16]",True,True,True,hip://0,215,True,7.24,8.41,1.16271,96
614,217,64,1280,2048,64,64,32,256,1,1,4,2,16,16,1,2,0,"[64, 64, 0]","[1, 2, 0]","[0, 0, 32]",True,True,True,hip://0,216,True,7.24,14.49,2.00168,339
615,218,64,1280,2048,64,64,16,256,1,1,4,2,16,16,1,2,0,"[64, 64, 0]","[1, 2, 0]","[0, 0, 16]",True,True,True,hip://0,217,True,7.24,108.9,15.04883,587
616,219,64,1280,2048,64,64,8,256,1,1,4,2,16,16,1,2,0,"[64, 64, 0]","[1, 2, 0]","[0, 0, 8]",True,True,True,hip://0,218,True,7.24,7.13,0.98577,33
617,220,64,1280,2048,64,320,8,256,1,1,4,2,16,16,1,10,0,"[64, 320, 0]","[1, 10, 0]","[0, 0, 8]",True,True,True,hip://0,219,True,7.24,6.69,0.92469,18
618,221,64,1280,2048,64,256,8,256,1,1,4,2,16,16,1,8,0,"[64, 256, 0]","[1, 8, 0]","[0, 0, 8]",True,True,True,hip://0,220,True,7.24,24.35,3.36452,487
619,222,64,1280,2048,64,128,2,256,1,1,4,2,16,16,1,4,0,"[64, 128, 0]","[1, 4, 0]","[0, 0, 2]",True,True,True,hip://0,221,True,7.24,16.65,2.30076,384
620,223,64,1280,2048,64,128,1,256,1,1,4,2,16,16,1,4,0,"[64, 128, 0]","[1, 4, 0]","[0, 0, 1]",True,True,True,hip://0,222,True,7.24,13.63,1.88389,318
621,224,64,1280,2048,64,128,2,128,1,1,2,2,16,16,2,4,0,"[64, 128, 0]","[2, 4, 0]","[0, 0, 2]",True,True,True,hip://0,223,True,7.24,16.32,2.25462,376
622,225,64,1280,2048,64,128,1,128,1,1,2,2,16,16,2,4,0,"[64, 128, 0]","[2, 4, 0]","[0, 0, 1]",True,True,True,hip://0,224,True,7.24,13.39,1.85051,315
623,226,64,1280,2048,64,128,4,128,1,1,2,2,16,16,2,4,0,"[64, 128, 0]","[2, 4, 0]","[0, 0, 4]",True,True,True,hip://0,225,True,7.24,17.28,2.38847,399
624,227,64,1280,2048,64,128,16,128,1,1,2,2,16,16,2,4,0,"[64, 128, 0]","[2, 4, 0]","[0, 0, 16]",True,True,True,hip://0,226,True,7.24,11.33,1.56504,220
625,228,64,1280,2048,64,128,8,128,1,1,2,2,16,16,2,4,0,"[64, 128, 0]","[2, 4, 0]","[0, 0, 8]",True,True,True,hip://0,227,True,7.24,12.54,1.73325,279
626,229,64,1280,2048,64,128,4,256,1,1,4,2,16,16,1,4,0,"[64, 128, 0]","[1, 4, 0]","[0, 0, 4]",True,True,True,hip://0,228,True,7.24,9.15,1.26426,130
627,230,64,1280,2048,64,128,16,256,1,1,4,2,16,16,1,4,0,"[64, 128, 0]","[1, 4, 0]","[0, 0, 16]",True,True,True,hip://0,229,True,7.24,11.35,1.56889,221
628,231,64,1280,2048,64,128,8,256,1,1,4,2,16,16,1,4,0,"[64, 128, 0]","[1, 4, 0]","[0, 0, 8]",True,True,True,hip://0,230,True,7.24,13.34,1.84311,312
629,232,64,1280,2048,64,160,2,128,1,1,2,2,16,16,2,5,0,"[64, 160, 0]","[2, 5, 0]","[0, 0, 2]",True,True,True,hip://0,231,True,7.24,10.19,1.40788,178
630,233,64,1280,2048,64,320,2,128,1,1,2,2,16,16,2,10,0,"[64, 320, 0]","[2, 10, 0]","[0, 0, 2]",True,True,True,hip://0,232,True,7.24,33.48,4.6261,513
631,234,64,1280,2048,64,256,2,128,1,1,2,2,16,16,2,8,0,"[64, 256, 0]","[2, 8, 0]","[0, 0, 2]",True,True,True,hip://0,233,True,7.24,21.62,2.98744,467
632,235,64,1280,2048,64,320,1,128,1,1,2,2,16,16,2,10,0,"[64, 320, 0]","[2, 10, 0]","[0, 0, 1]",True,True,True,hip://0,234,True,7.24,17.96,2.48228,415
633,236,64,1280,2048,64,256,1,128,1,1,2,2,16,16,2,8,0,"[64, 256, 0]","[2, 8, 0]","[0, 0, 1]",True,True,True,hip://0,235,True,7.24,48.11,6.64862,554
634,237,64,1280,2048,64,32,1,128,1,1,2,2,16,16,2,1,0,"[64, 32, 0]","[2, 1, 0]","[0, 0, 1]",True,True,True,hip://0,236,True,7.24,20.72,2.86314,457
635,238,64,1280,2048,64,64,1,128,1,1,2,2,16,16,2,2,0,"[64, 64, 0]","[2, 2, 0]","[0, 0, 1]",True,True,True,hip://0,237,True,7.24,12.61,1.742,280
636,239,64,1280,2048,64,32,2,128,1,1,2,2,16,16,2,1,0,"[64, 32, 0]","[2, 1, 0]","[0, 0, 2]",True,True,True,hip://0,238,True,7.24,14.18,1.95881,333
637,240,64,1280,2048,64,64,2,128,1,1,2,2,16,16,2,2,0,"[64, 64, 0]","[2, 2, 0]","[0, 0, 2]",True,True,True,hip://0,239,True,7.24,9.88,1.36476,170
638,241,64,1280,2048,64,320,4,128,1,1,2,2,16,16,2,10,0,"[64, 320, 0]","[2, 10, 0]","[0, 0, 4]",True,True,True,hip://0,240,True,7.24,11.0,1.52028,213
639,242,64,1280,2048,64,256,4,128,1,1,2,2,16,16,2,8,0,"[64, 256, 0]","[2, 8, 0]","[0, 0, 4]",True,True,True,hip://0,241,True,7.24,54.39,7.51535,562
640,243,64,1280,2048,64,160,16,128,1,1,2,2,16,16,2,5,0,"[64, 160, 0]","[2, 5, 0]","[0, 0, 16]",True,True,True,hip://0,242,True,7.24,18.52,2.55965,419
641,244,64,1280,2048,64,32,32,128,1,1,2,2,16,16,2,1,0,"[64, 32, 0]","[2, 1, 0]","[0, 0, 32]",True,True,True,hip://0,243,True,7.24,12.94,1.78745,293
642,245,64,1280,2048,64,32,16,128,1,1,2,2,16,16,2,1,0,"[64, 32, 0]","[2, 1, 0]","[0, 0, 16]",True,True,True,hip://0,244,True,7.24,8.49,1.17375,97
643,246,64,1280,2048,64,64,32,128,1,1,2,2,16,16,2,2,0,"[64, 64, 0]","[2, 2, 0]","[0, 0, 32]",True,True,True,hip://0,245,True,7.24,7.44,1.02786,44
644,247,64,1280,2048,64,64,16,128,1,1,2,2,16,16,2,2,0,"[64, 64, 0]","[2, 2, 0]","[0, 0, 16]",True,True,True,hip://0,246,True,7.24,29.22,4.03756,500
645,248,64,1280,2048,64,32,8,128,1,1,2,2,16,16,2,1,0,"[64, 32, 0]","[2, 1, 0]","[0, 0, 8]",True,True,False,,,False,,,,
646,249,64,1280,2048,64,32,4,128,1,1,2,2,16,16,2,1,0,"[64, 32, 0]","[2, 1, 0]","[0, 0, 4]",True,True,True,hip://0,247,True,7.24,6.42,0.88741,9
647,250,64,1280,2048,64,64,4,128,1,1,2,2,16,16,2,2,0,"[64, 64, 0]","[2, 2, 0]","[0, 0, 4]",True,True,True,hip://0,248,True,7.24,7.76,1.07189,59
648,251,64,1280,2048,64,320,8,128,1,1,2,2,16,16,2,10,0,"[64, 320, 0]","[2, 10, 0]","[0, 0, 8]",True,True,True,hip://0,249,True,7.24,8.66,1.19731,107
649,252,64,1280,2048,64,256,8,128,1,1,2,2,16,16,2,8,0,"[64, 256, 0]","[2, 8, 0]","[0, 0, 8]",True,True,True,hip://0,250,True,7.24,79.77,11.0228,574
650,253,64,1280,2048,64,64,8,128,1,1,2,2,16,16,2,2,0,"[64, 64, 0]","[2, 2, 0]","[0, 0, 8]",True,True,True,hip://0,251,True,7.24,25.72,3.5537,493
0,254,64,1280,2048,16,16,2,32,1,1,1,1,16,16,1,1,0,"[16, 16, 0]","[1, 1, 0]","[0, 0, 2]",True,True,True,hip://0,252,True,7.24,6.55,0.90535,12
2,255,64,1280,2048,64,32,4,64,1,1,2,1,16,16,2,2,0,"[64, 32, 0]","[2, 2, 0]","[0, 0, 4]",True,True,True,hip://0,253,True,7.24,9.74,1.34525,163
3,256,64,1280,2048,64,32,8,32,1,1,1,1,16,16,4,2,0,"[64, 32, 0]","[4, 2, 0]","[0, 0, 8]",True,True,True,hip://0,254,True,7.24,8.7,1.20272,109
4,257,64,1280,2048,64,32,16,32,1,1,1,1,16,16,4,2,0,"[64, 32, 0]","[4, 2, 0]","[0, 0, 16]",True,True,True,hip://0,255,True,7.24,12.35,1.70647,264
5,258,64,1280,2048,64,320,8,32,1,1,1,1,16,16,4,20,0,"[64, 320, 0]","[4, 20, 0]","[0, 0, 8]",True,True,True,hip://0,256,True,7.24,24.74,3.41858,491
6,259,64,1280,2048,64,256,8,32,1,1,1,1,16,16,4,16,0,"[64, 256, 0]","[4, 16, 0]","[0, 0, 8]",True,True,True,hip://0,257,True,7.24,1012.38,139.89411,620
7,260,64,1280,2048,64,160,8,32,1,1,1,1,16,16,4,10,0,"[64, 160, 0]","[4, 10, 0]","[0, 0, 8]",True,True,True,hip://0,258,False,7.24,,inf,641
8,261,64,1280,2048,64,128,8,32,1,1,1,1,16,16,4,8,0,"[64, 128, 0]","[4, 8, 0]","[0, 0, 8]",True,True,True,hip://0,259,True,7.24,308.96,42.69333,607
9,262,64,1280,2048,64,80,8,32,1,1,1,1,16,16,4,5,0,"[64, 80, 0]","[4, 5, 0]","[0, 0, 8]",True,True,True,hip://0,260,True,7.24,306.9,42.40788,606
10,263,64,1280,2048,64,64,8,32,1,1,1,1,16,16,4,4,0,"[64, 64, 0]","[4, 4, 0]","[0, 0, 8]",True,True,True,hip://0,261,True,7.24,103.89,14.3559,583
11,264,64,1280,2048,64,32,8,64,1,1,2,1,16,16,2,2,0,"[64, 32, 0]","[2, 2, 0]","[0, 0, 8]",True,True,True,hip://0,262,True,7.24,48.45,6.69486,556
13,265,64,1280,2048,64,32,16,64,1,1,2,1,16,16,2,2,0,"[64, 32, 0]","[2, 2, 0]","[0, 0, 16]",True,True,True,hip://0,263,True,7.24,6.72,0.92893,19
14,266,64,1280,2048,64,32,4,32,1,1,1,1,16,16,4,2,0,"[64, 32, 0]","[4, 2, 0]","[0, 0, 4]",True,True,True,hip://0,264,True,7.24,9.25,1.2777,135
15,267,64,1280,2048,64,32,2,32,1,1,1,1,16,16,4,2,0,"[64, 32, 0]","[4, 2, 0]","[0, 0, 2]",True,True,True,hip://0,265,True,7.24,9.34,1.29011,141
16,268,64,1280,2048,64,32,1,32,1,1,1,1,16,16,4,2,0,"[64, 32, 0]","[4, 2, 0]","[0, 0, 1]",True,True,True,hip://0,266,True,7.24,11.59,1.60217,233
17,269,64,1280,2048,64,32,32,32,1,1,1,1,16,16,4,2,0,"[64, 32, 0]","[4, 2, 0]","[0, 0, 32]",True,True,True,hip://0,267,True,7.24,15.92,2.1998,368
18,270,64,1280,2048,64,32,32,64,1,1,2,1,16,16,2,2,0,"[64, 32, 0]","[2, 2, 0]","[0, 0, 32]",True,True,True,hip://0,268,True,7.24,56.21,7.76787,565
24,271,64,1280,2048,64,32,1,64,1,1,2,1,16,16,2,2,0,"[64, 32, 0]","[2, 2, 0]","[0, 0, 1]",True,True,True,hip://0,269,True,7.24,9.4,1.29916,142
25,272,64,1280,2048,64,32,2,64,1,1,2,1,16,16,2,2,0,"[64, 32, 0]","[2, 2, 0]","[0, 0, 2]",True,True,True,hip://0,270,True,7.24,13.14,1.81617,303
26,273,64,1280,2048,64,64,32,32,1,1,1,1,16,16,4,4,0,"[64, 64, 0]","[4, 4, 0]","[0, 0, 32]",True,True,True,hip://0,271,True,7.24,10.74,1.48361,207
27,274,64,1280,2048,64,16,32,32,1,1,1,1,16,16,4,1,0,"[64, 16, 0]","[4, 1, 0]","[0, 0, 32]",True,True,True,hip://0,272,True,7.24,321.11,44.37158,611
28,275,64,1280,2048,64,256,4,32,1,1,1,1,16,16,4,16,0,"[64, 256, 0]","[4, 16, 0]","[0, 0, 4]",True,True,True,hip://0,273,True,7.24,32.82,4.53574,510
29,276,64,1280,2048,64,320,4,32,1,1,1,1,16,16,4,20,0,"[64, 320, 0]","[4, 20, 0]","[0, 0, 4]",True,True,True,hip://0,274,True,7.24,1573.21,217.39146,633
30,277,64,1280,2048,64,160,4,32,1,1,1,1,16,16,4,10,0,"[64, 160, 0]","[4, 10, 0]","[0, 0, 4]",True,True,True,hip://0,275,True,7.24,1595.44,220.46372,635
31,278,64,1280,2048,64,128,4,32,1,1,1,1,16,16,4,8,0,"[64, 128, 0]","[4, 8, 0]","[0, 0, 4]",True,True,True,hip://0,276,True,7.24,1430.38,197.6551,629
32,279,64,1280,2048,64,80,4,32,1,1,1,1,16,16,4,5,0,"[64, 80, 0]","[4, 5, 0]","[0, 0, 4]",True,True,True,hip://0,277,True,7.24,320.31,44.26132,610
33,280,64,1280,2048,64,64,4,32,1,1,1,1,16,16,4,4,0,"[64, 64, 0]","[4, 4, 0]","[0, 0, 4]",True,True,True,hip://0,278,True,7.24,43.8,6.05205,547
34,281,64,1280,2048,64,16,4,32,1,1,1,1,16,16,4,1,0,"[64, 16, 0]","[4, 1, 0]","[0, 0, 4]",True,True,True,hip://0,279,True,7.24,17.09,2.36187,392
35,282,64,1280,2048,64,128,1,32,1,1,1,1,16,16,4,8,0,"[64, 128, 0]","[4, 8, 0]","[0, 0, 1]",True,True,True,hip://0,280,True,7.24,9.13,1.26218,129
36,283,64,1280,2048,64,80,1,32,1,1,1,1,16,16,4,5,0,"[64, 80, 0]","[4, 5, 0]","[0, 0, 1]",True,True,True,hip://0,281,True,7.24,1261.28,174.2876,622
37,284,64,1280,2048,64,320,1,32,1,1,1,1,16,16,4,20,0,"[64, 320, 0]","[4, 20, 0]","[0, 0, 1]",True,True,True,hip://0,282,True,7.24,46.11,6.37218,552
38,285,64,1280,2048,64,256,1,32,1,1,1,1,16,16,4,16,0,"[64, 256, 0]","[4, 16, 0]","[0, 0, 1]",True,True,True,hip://0,283,True,7.24,2070.31,286.0836,640
39,286,64,1280,2048,64,160,1,32,1,1,1,1,16,16,4,10,0,"[64, 160, 0]","[4, 10, 0]","[0, 0, 1]",True,True,True,hip://0,284,True,7.24,1927.13,266.29744,639
40,287,64,1280,2048,64,320,2,32,1,1,1,1,16,16,4,20,0,"[64, 320, 0]","[4, 20, 0]","[0, 0, 2]",True,True,True,hip://0,285,True,7.24,1487.45,205.54058,632
41,288,64,1280,2048,64,256,2,32,1,1,1,1,16,16,4,16,0,"[64, 256, 0]","[4, 16, 0]","[0, 0, 2]",True,True,True,hip://0,286,True,7.24,1660.32,229.42855,637
42,289,64,1280,2048,64,160,2,32,1,1,1,1,16,16,4,10,0,"[64, 160, 0]","[4, 10, 0]","[0, 0, 2]",True,True,True,hip://0,287,True,7.24,971.78,134.28409,618
43,290,64,1280,2048,64,128,2,32,1,1,1,1,16,16,4,8,0,"[64, 128, 0]","[4, 8, 0]","[0, 0, 2]",True,True,True,hip://0,288,True,7.24,1013.68,140.07398,621
44,291,64,1280,2048,64,80,2,32,1,1,1,1,16,16,4,5,0,"[64, 80, 0]","[4, 5, 0]","[0, 0, 2]",True,True,True,hip://0,289,True,7.24,296.71,41.00105,604
45,292,64,1280,2048,64,64,2,32,1,1,1,1,16,16,4,4,0,"[64, 64, 0]","[4, 4, 0]","[0, 0, 2]",True,True,True,hip://0,290,True,7.24,16.74,2.31259,388
46,293,64,1280,2048,64,16,2,32,1,1,1,1,16,16,4,1,0,"[64, 16, 0]","[4, 1, 0]","[0, 0, 2]",True,True,True,hip://0,291,True,7.24,14.63,2.02128,345
47,294,64,1280,2048,64,64,16,32,1,1,1,1,16,16,4,4,0,"[64, 64, 0]","[4, 4, 0]","[0, 0, 16]",True,True,True,hip://0,292,True,7.24,11.14,1.53944,215
48,295,64,1280,2048,64,16,16,32,1,1,1,1,16,16,4,1,0,"[64, 16, 0]","[4, 1, 0]","[0, 0, 16]",True,True,True,hip://0,293,True,7.24,89.05,12.30521,576
49,296,64,1280,2048,64,80,16,32,1,1,1,1,16,16,4,5,0,"[64, 80, 0]","[4, 5, 0]","[0, 0, 16]",True,True,True,hip://0,294,True,7.24,12.19,1.68378,255
50,297,64,1280,2048,64,128,16,32,1,1,1,1,16,16,4,8,0,"[64, 128, 0]","[4, 8, 0]","[0, 0, 16]",True,True,True,hip://0,295,True,7.24,122.56,16.93541,592
51,298,64,1280,2048,64,160,16,32,1,1,1,1,16,16,4,10,0,"[64, 160, 0]","[4, 10, 0]","[0, 0, 16]",True,True,True,hip://0,296,True,7.24,437.49,60.45351,614
52,299,64,1280,2048,64,16,1,32,1,1,1,1,16,16,4,1,0,"[64, 16, 0]","[4, 1, 0]","[0, 0, 1]",True,True,True,hip://0,297,True,7.24,728.29,100.63842,615
53,300,64,1280,2048,64,64,1,32,1,1,1,1,16,16,4,4,0,"[64, 64, 0]","[4, 4, 0]","[0, 0, 1]",True,True,True,hip://0,298,True,7.24,13.05,1.80358,301
54,301,64,1280,2048,64,16,8,32,1,1,1,1,16,16,4,1,0,"[64, 16, 0]","[4, 1, 0]","[0, 0, 8]",True,True,True,hip://0,299,True,7.24,17.95,2.48102,414
56,302,64,1280,2048,64,128,4,64,1,1,2,1,16,16,2,8,0,"[64, 128, 0]","[2, 8, 0]","[0, 0, 4]",True,True,True,hip://0,300,True,7.24,8.37,1.15653,92
57,303,64,1280,2048,64,128,16,64,1,1,2,1,16,16,2,8,0,"[64, 128, 0]","[2, 8, 0]","[0, 0, 16]",True,True,True,hip://0,301,True,7.24,15.64,2.1608,362
62,304,64,1280,2048,64,128,2,64,1,1,2,1,16,16,2,8,0,"[64, 128, 0]","[2, 8, 0]","[0, 0, 2]",True,True,True,hip://0,302,True,7.24,73.83,10.20275,572
63,305,64,1280,2048,64,128,1,64,1,1,2,1,16,16,2,8,0,"[64, 128, 0]","[2, 8, 0]","[0, 0, 1]",True,True,True,hip://0,303,True,7.24,16.2,2.23888,375
64,306,64,1280,2048,64,128,8,64,1,1,2,1,16,16,2,8,0,"[64, 128, 0]","[2, 8, 0]","[0, 0, 8]",True,True,True,hip://0,304,True,7.24,19.89,2.74817,444
65,307,64,1280,2048,64,160,16,64,1,1,2,1,16,16,2,10,0,"[64, 160, 0]","[2, 10, 0]","[0, 0, 16]",True,True,True,hip://0,305,True,7.24,43.51,6.01178,546
66,308,64,1280,2048,64,80,16,64,1,1,2,1,16,16,2,5,0,"[64, 80, 0]","[2, 5, 0]","[0, 0, 16]",True,True,True,hip://0,306,True,7.24,103.9,14.35796,584
67,309,64,1280,2048,64,16,32,64,1,1,2,1,16,16,2,1,0,"[64, 16, 0]","[2, 1, 0]","[0, 0, 32]",True,True,True,hip://0,307,True,7.24,16.01,2.21247,373
68,310,64,1280,2048,64,64,32,64,1,1,2,1,16,16,2,4,0,"[64, 64, 0]","[2, 4, 0]","[0, 0, 32]",True,True,True,hip://0,308,True,7.24,9.44,1.30376,144
69,311,64,1280,2048,64,16,2,64,1,1,2,1,16,16,2,1,0,"[64, 16, 0]","[2, 1, 0]","[0, 0, 2]",True,True,True,hip://0,309,True,7.24,59.01,8.15447,567
70,312,64,1280,2048,64,16,1,64,1,1,2,1,16,16,2,1,0,"[64, 16, 0]","[2, 1, 0]","[0, 0, 1]",True,True,True,hip://0,310,True,7.24,10.22,1.41197,181
71,313,64,1280,2048,64,64,2,64,1,1,2,1,16,16,2,4,0,"[64, 64, 0]","[2, 4, 0]","[0, 0, 2]",True,True,True,hip://0,311,True,7.24,12.17,1.68107,253
72,314,64,1280,2048,64,64,1,64,1,1,2,1,16,16,2,4,0,"[64, 64, 0]","[2, 4, 0]","[0, 0, 1]",True,True,True,hip://0,312,True,7.24,12.73,1.75932,285
73,315,64,1280,2048,64,64,4,64,1,1,2,1,16,16,2,4,0,"[64, 64, 0]","[2, 4, 0]","[0, 0, 4]",True,True,True,hip://0,313,True,7.24,14.41,1.99055,337
74,316,64,1280,2048,64,64,8,64,1,1,2,1,16,16,2,4,0,"[64, 64, 0]","[2, 4, 0]","[0, 0, 8]",True,True,True,hip://0,314,True,7.24,9.78,1.35189,166
75,317,64,1280,2048,64,64,16,64,1,1,2,1,16,16,2,4,0,"[64, 64, 0]","[2, 4, 0]","[0, 0, 16]",True,True,True,hip://0,315,True,7.24,8.74,1.20785,111
76,318,64,1280,2048,64,16,8,64,1,1,2,1,16,16,2,1,0,"[64, 16, 0]","[2, 1, 0]","[0, 0, 8]",True,True,True,hip://0,316,True,7.24,10.63,1.46875,203
77,319,64,1280,2048,64,16,4,64,1,1,2,1,16,16,2,1,0,"[64, 16, 0]","[2, 1, 0]","[0, 0, 4]",True,True,True,hip://0,317,True,7.24,6.46,0.89327,10
78,320,64,1280,2048,64,16,16,64,1,1,2,1,16,16,2,1,0,"[64, 16, 0]","[2, 1, 0]","[0, 0, 16]",True,True,True,hip://0,318,True,7.24,8.53,1.17826,99
79,321,64,1280,2048,64,320,8,64,1,1,2,1,16,16,2,20,0,"[64, 320, 0]","[2, 20, 0]","[0, 0, 8]",True,True,True,hip://0,319,True,7.24,8.14,1.12485,87
80,322,64,1280,2048,64,256,8,64,1,1,2,1,16,16,2,16,0,"[64, 256, 0]","[2, 16, 0]","[0, 0, 8]",True,True,True,hip://0,320,True,7.24,838.4,115.85313,616
81,323,64,1280,2048,64,160,8,64,1,1,2,1,16,16,2,10,0,"[64, 160, 0]","[2, 10, 0]","[0, 0, 8]",True,True,True,hip://0,321,True,7.24,365.46,50.5011,612
82,324,64,1280,2048,64,80,8,64,1,1,2,1,16,16,2,5,0,"[64, 80, 0]","[2, 5, 0]","[0, 0, 8]",True,True,True,hip://0,322,True,7.24,94.33,13.0353,577
83,325,64,1280,2048,64,160,4,64,1,1,2,1,16,16,2,10,0,"[64, 160, 0]","[2, 10, 0]","[0, 0, 4]",True,True,True,hip://0,323,True,7.24,12.12,1.67421,252
84,326,64,1280,2048,64,320,4,64,1,1,2,1,16,16,2,20,0,"[64, 320, 0]","[2, 20, 0]","[0, 0, 4]",True,True,True,hip://0,324,True,7.24,49.82,6.88458,561
85,327,64,1280,2048,64,256,4,64,1,1,2,1,16,16,2,16,0,"[64, 256, 0]","[2, 16, 0]","[0, 0, 4]",True,True,True,hip://0,325,True,7.24,1405.63,194.23443,626
86,328,64,1280,2048,64,80,4,64,1,1,2,1,16,16,2,5,0,"[64, 80, 0]","[2, 5, 0]","[0, 0, 4]",True,True,True,hip://0,326,True,7.24,413.82,57.18303,613
87,329,64,1280,2048,64,320,2,64,1,1,2,1,16,16,2,20,0,"[64, 320, 0]","[2, 20, 0]","[0, 0, 2]",True,True,True,hip://0,327,True,7.24,11.78,1.62781,238
88,330,64,1280,2048,64,256,2,64,1,1,2,1,16,16,2,16,0,"[64, 256, 0]","[2, 16, 0]","[0, 0, 2]",True,True,True,hip://0,328,True,7.24,1288.22,178.01043,623
89,331,64,1280,2048,64,160,2,64,1,1,2,1,16,16,2,10,0,"[64, 160, 0]","[2, 10, 0]","[0, 0, 2]",True,True,True,hip://0,329,True,7.24,179.35,24.78276,599
90,332,64,1280,2048,64,320,1,64,1,1,2,1,16,16,2,20,0,"[64, 320, 0]","[2, 20, 0]","[0, 0, 1]",True,True,True,hip://0,330,True,7.24,18.37,2.53868,416
91,333,64,1280,2048,64,256,1,64,1,1,2,1,16,16,2,16,0,"[64, 256, 0]","[2, 16, 0]","[0, 0, 1]",True,True,True,hip://0,331,True,7.24,1400.08,193.46765,625
92,334,64,1280,2048,64,160,1,64,1,1,2,1,16,16,2,10,0,"[64, 160, 0]","[2, 10, 0]","[0, 0, 1]",True,True,True,hip://0,332,False,7.24,,inf,642
93,335,64,1280,2048,64,80,1,64,1,1,2,1,16,16,2,5,0,"[64, 80, 0]","[2, 5, 0]","[0, 0, 1]",True,True,True,hip://0,333,True,7.24,47.91,6.62048,553
94,336,64,1280,2048,64,80,2,64,1,1,2,1,16,16,2,5,0,"[64, 80, 0]","[2, 5, 0]","[0, 0, 2]",True,True,True,hip://0,334,True,7.24,35.98,4.97174,526
125,337,64,1280,2048,64,160,1,320,1,1,1,10,16,16,4,1,0,"[64, 160, 0]","[4, 1, 0]","[0, 0, 1]",True,True,True,hip://0,335,True,7.24,30.72,4.24562,505
126,338,64,1280,2048,64,80,1,160,1,1,1,5,16,16,4,1,0,"[64, 80, 0]","[4, 1, 0]","[0, 0, 1]",True,True,True,hip://0,336,True,7.24,19.0,2.62506,428
127,339,64,1280,2048,64,80,2,160,1,1,1,5,16,16,4,1,0,"[64, 80, 0]","[4, 1, 0]","[0, 0, 2]",True,True,True,hip://0,337,True,7.24,16.39,2.26414,379
128,340,64,1280,2048,64,80,16,160,1,1,1,5,16,16,4,1,0,"[64, 80, 0]","[4, 1, 0]","[0, 0, 16]",True,True,True,hip://0,338,True,7.24,12.84,1.77379,289
129,341,64,1280,2048,64,80,8,160,1,1,1,5,16,16,4,1,0,"[64, 80, 0]","[4, 1, 0]","[0, 0, 8]",True,True,True,hip://0,339,True,7.24,21.11,2.91717,462
130,342,64,1280,2048,64,80,4,160,1,1,1,5,16,16,4,1,0,"[64, 80, 0]","[4, 1, 0]","[0, 0, 4]",True,True,True,hip://0,340,True,7.24,21.8,3.01219,469
131,343,64,1280,2048,64,80,1,320,1,1,2,5,16,16,2,1,0,"[64, 80, 0]","[2, 1, 0]","[0, 0, 1]",True,True,True,hip://0,341,True,7.24,19.91,2.75074,445
132,344,64,1280,2048,64,80,2,320,1,1,2,5,16,16,2,1,0,"[64, 80, 0]","[2, 1, 0]","[0, 0, 2]",True,True,True,hip://0,342,True,7.24,16.66,2.30266,385
133,345,64,1280,2048,64,80,16,320,1,1,2,5,16,16,2,1,0,"[64, 80, 0]","[2, 1, 0]","[0, 0, 16]",True,True,True,hip://0,343,True,7.24,12.28,1.69642,257
134,346,64,1280,2048,64,80,8,320,1,1,2,5,16,16,2,1,0,"[64, 80, 0]","[2, 1, 0]","[0, 0, 8]",True,True,True,hip://0,344,True,7.24,14.29,1.97532,335
135,347,64,1280,2048,64,80,4,320,1,1,2,5,16,16,2,1,0,"[64, 80, 0]","[2, 1, 0]","[0, 0, 4]",True,True,True,hip://0,345,True,7.24,16.0,2.21055,372
136,348,64,1280,2048,32,80,32,320,1,1,2,5,16,16,1,1,0,"[32, 80, 0]","[1, 1, 0]","[0, 0, 32]",True,True,True,hip://0,346,True,7.24,10.4,1.4366,192
137,349,64,1280,2048,32,80,1,320,1,1,2,5,16,16,1,1,0,"[32, 80, 0]","[1, 1, 0]","[0, 0, 1]",True,True,True,hip://0,347,True,7.24,9.88,1.36545,171
138,350,64,1280,2048,32,80,2,320,1,1,2,5,16,16,1,1,0,"[32, 80, 0]","[1, 1, 0]","[0, 0, 2]",True,True,True,hip://0,348,True,7.24,32.75,4.52528,509
139,351,64,1280,2048,32,80,16,320,1,1,2,5,16,16,1,1,0,"[32, 80, 0]","[1, 1, 0]","[0, 0, 16]",True,True,True,hip://0,349,True,7.24,10.66,1.47282,204
140,352,64,1280,2048,32,80,8,320,1,1,2,5,16,16,1,1,0,"[32, 80, 0]","[1, 1, 0]","[0, 0, 8]",True,True,True,hip://0,350,True,7.24,10.03,1.38561,174
141,353,64,1280,2048,32,80,4,320,1,1,2,5,16,16,1,1,0,"[32, 80, 0]","[1, 1, 0]","[0, 0, 4]",True,True,True,hip://0,351,True,7.24,6.19,0.85543,5
142,354,64,1280,2048,32,160,1,320,1,1,2,5,16,16,1,2,0,"[32, 160, 0]","[1, 2, 0]","[0, 0, 1]",True,True,True,hip://0,352,True,7.24,8.12,1.12219,83
143,355,64,1280,2048,32,320,1,320,1,1,2,5,16,16,1,4,0,"[32, 320, 0]","[1, 4, 0]","[0, 0, 1]",True,True,True,hip://0,353,True,7.24,16.7,2.30805,386
144,356,64,1280,2048,64,320,1,320,1,1,2,5,16,16,2,4,0,"[64, 320, 0]","[2, 4, 0]","[0, 0, 1]",True,True,True,hip://0,354,True,7.24,20.39,2.81797,451
145,357,64,1280,2048,64,160,1,320,1,1,2,5,16,16,2,2,0,"[64, 160, 0]","[2, 2, 0]","[0, 0, 1]",True,True,True,hip://0,355,True,7.24,23.46,3.24174,477
146,358,64,1280,2048,16,80,1,160,1,1,1,5,16,16,1,1,0,"[16, 80, 0]","[1, 1, 0]","[0, 0, 1]",True,True,True,hip://0,356,True,7.24,18.47,2.55253,418
147,359,64,1280,2048,16,160,1,160,1,1,1,5,16,16,1,2,0,"[16, 160, 0]","[1, 2, 0]","[0, 0, 1]",True,True,True,hip://0,357,True,7.24,41.38,5.71772,540
148,360,64,1280,2048,16,320,1,160,1,1,1,5,16,16,1,4,0,"[16, 320, 0]","[1, 4, 0]","[0, 0, 1]",True,True,True,hip://0,358,True,7.24,17.91,2.47445,412
149,361,64,1280,2048,16,320,8,160,1,1,1,5,16,16,1,4,0,"[16, 320, 0]","[1, 4, 0]","[0, 0, 8]",True,True,True,hip://0,359,True,7.24,20.47,2.82806,452
150,362,64,1280,2048,16,320,4,160,1,1,1,5,16,16,1,4,0,"[16, 320, 0]","[1, 4, 0]","[0, 0, 4]",True,True,True,hip://0,360,True,7.24,11.18,1.54494,217
151,363,64,1280,2048,16,320,2,160,1,1,1,5,16,16,1,4,0,"[16, 320, 0]","[1, 4, 0]","[0, 0, 2]",True,True,True,hip://0,361,True,7.24,15.31,2.11593,358
152,364,64,1280,2048,32,320,8,160,1,1,1,5,16,16,2,4,0,"[32, 320, 0]","[2, 4, 0]","[0, 0, 8]",True,True,True,hip://0,362,True,7.24,17.31,2.39259,400
153,365,64,1280,2048,32,320,4,160,1,1,1,5,16,16,2,4,0,"[32, 320, 0]","[2, 4, 0]","[0, 0, 4]",True,True,True,hip://0,363,True,7.24,20.71,2.86134,456
154,366,64,1280,2048,32,320,2,160,1,1,1,5,16,16,2,4,0,"[32, 320, 0]","[2, 4, 0]","[0, 0, 2]",True,True,True,hip://0,364,True,7.24,16.43,2.271,380
155,367,64,1280,2048,32,320,8,320,1,1,2,5,16,16,1,4,0,"[32, 320, 0]","[1, 4, 0]","[0, 0, 8]",True,True,True,hip://0,365,True,7.24,19.17,2.64891,431
156,368,64,1280,2048,32,320,4,320,1,1,2,5,16,16,1,4,0,"[32, 320, 0]","[1, 4, 0]","[0, 0, 4]",True,True,True,hip://0,366,True,7.24,12.54,1.73216,277
157,369,64,1280,2048,32,320,2,320,1,1,2,5,16,16,1,4,0,"[32, 320, 0]","[1, 4, 0]","[0, 0, 2]",True,True,True,hip://0,367,True,7.24,15.88,2.19422,366
158,370,64,1280,2048,64,320,8,320,1,1,2,5,16,16,2,4,0,"[64, 320, 0]","[2, 4, 0]","[0, 0, 8]",True,True,True,hip://0,368,True,7.24,17.72,2.44899,410
159,371,64,1280,2048,64,320,8,160,1,1,1,5,16,16,4,4,0,"[64, 320, 0]","[4, 4, 0]","[0, 0, 8]",True,True,True,hip://0,369,True,7.24,24.35,3.36492,488
160,372,64,1280,2048,64,320,1,160,1,1,1,5,16,16,4,4,0,"[64, 320, 0]","[4, 4, 0]","[0, 0, 1]",True,True,True,hip://0,370,True,7.24,32.91,4.54762,511
161,373,64,1280,2048,32,320,1,160,1,1,1,5,16,16,2,4,0,"[32, 320, 0]","[2, 4, 0]","[0, 0, 1]",True,True,True,hip://0,371,True,7.24,27.59,3.81224,498
162,374,64,1280,2048,64,320,4,160,1,1,1,5,16,16,4,4,0,"[64, 320, 0]","[4, 4, 0]","[0, 0, 4]",True,True,True,hip://0,372,True,7.24,21.26,2.93799,463
163,375,64,1280,2048,64,320,2,160,1,1,1,5,16,16,4,4,0,"[64, 320, 0]","[4, 4, 0]","[0, 0, 2]",True,True,True,hip://0,373,True,7.24,32.12,4.43783,508
164,376,64,1280,2048,64,320,4,320,1,1,2,5,16,16,2,4,0,"[64, 320, 0]","[2, 4, 0]","[0, 0, 4]",True,True,True,hip://0,374,True,7.24,23.98,3.31332,481
165,377,64,1280,2048,64,320,2,320,1,1,2,5,16,16,2,4,0,"[64, 320, 0]","[2, 4, 0]","[0, 0, 2]",True,True,True,hip://0,375,True,7.24,20.48,2.83015,453
166,378,64,1280,2048,16,80,4,160,1,1,1,5,16,16,1,1,0,"[16, 80, 0]","[1, 1, 0]","[0, 0, 4]",True,True,True,hip://0,376,True,7.24,21.09,2.91429,460
167,379,64,1280,2048,16,160,4,160,1,1,1,5,16,16,1,2,0,"[16, 160, 0]","[1, 2, 0]","[0, 0, 4]",True,True,True,hip://0,377,True,7.24,8.06,1.11384,78
168,380,64,1280,2048,16,80,2,160,1,1,1,5,16,16,1,1,0,"[16, 80, 0]","[1, 1, 0]","[0, 0, 2]",True,True,True,hip://0,378,True,7.24,9.6,1.32617,157
169,381,64,1280,2048,16,160,2,160,1,1,1,5,16,16,1,2,0,"[16, 160, 0]","[1, 2, 0]","[0, 0, 2]",True,True,True,hip://0,379,True,7.24,10.35,1.43079,191
170,382,64,1280,2048,16,80,8,160,1,1,1,5,16,16,1,1,0,"[16, 80, 0]","[1, 1, 0]","[0, 0, 8]",True,True,True,hip://0,380,True,7.24,12.87,1.77823,290
171,383,64,1280,2048,16,160,8,160,1,1,1,5,16,16,1,2,0,"[16, 160, 0]","[1, 2, 0]","[0, 0, 8]",True,True,True,hip://0,381,True,7.24,6.37,0.8809,8
172,384,64,1280,2048,16,80,32,160,1,1,1,5,16,16,1,1,0,"[16, 80, 0]","[1, 1, 0]","[0, 0, 32]",True,True,True,hip://0,382,True,7.24,7.46,1.03056,46
173,385,64,1280,2048,16,80,16,160,1,1,1,5,16,16,1,1,0,"[16, 80, 0]","[1, 1, 0]","[0, 0, 16]",True,True,True,hip://0,383,True,7.24,10.27,1.41931,185
174,386,64,1280,2048,16,160,16,160,1,1,1,5,16,16,1,2,0,"[16, 160, 0]","[1, 2, 0]","[0, 0, 16]",True,True,True,hip://0,384,True,7.24,9.63,1.33082,159
175,387,64,1280,2048,32,80,32,160,1,1,1,5,16,16,2,1,0,"[32, 80, 0]","[2, 1, 0]","[0, 0, 32]",True,True,True,hip://0,385,True,7.24,10.43,1.44069,195
176,388,64,1280,2048,32,80,16,160,1,1,1,5,16,16,2,1,0,"[32, 80, 0]","[2, 1, 0]","[0, 0, 16]",True,True,True,hip://0,386,True,7.24,11.55,1.59542,229
177,389,64,1280,2048,64,160,16,160,1,1,1,5,16,16,4,2,0,"[64, 160, 0]","[4, 2, 0]","[0, 0, 16]",True,True,True,hip://0,387,True,7.24,12.32,1.70195,260
178,390,64,1280,2048,32,160,16,160,1,1,1,5,16,16,2,2,0,"[32, 160, 0]","[2, 2, 0]","[0, 0, 16]",True,True,True,hip://0,388,True,7.24,26.32,3.63666,495
179,391,64,1280,2048,32,80,1,160,1,1,1,5,16,16,2,1,0,"[32, 80, 0]","[2, 1, 0]","[0, 0, 1]",True,True,True,hip://0,389,True,7.24,15.9,2.19663,367
180,392,64,1280,2048,32,80,4,160,1,1,1,5,16,16,2,1,0,"[32, 80, 0]","[2, 1, 0]","[0, 0, 4]",True,True,True,hip://0,390,True,7.24,14.59,2.0158,341
181,393,64,1280,2048,32,80,2,160,1,1,1,5,16,16,2,1,0,"[32, 80, 0]","[2, 1, 0]","[0, 0, 2]",True,True,True,hip://0,391,True,7.24,8.05,1.11268,76
182,394,64,1280,2048,32,80,8,160,1,1,1,5,16,16,2,1,0,"[32, 80, 0]","[2, 1, 0]","[0, 0, 8]",True,True,True,hip://0,392,True,7.24,10.67,1.47496,205
183,395,64,1280,2048,64,160,1,160,1,1,1,5,16,16,4,2,0,"[64, 160, 0]","[4, 2, 0]","[0, 0, 1]",True,True,True,hip://0,393,True,7.24,14.09,1.9477,330
184,396,64,1280,2048,64,160,4,160,1,1,1,5,16,16,4,2,0,"[64, 160, 0]","[4, 2, 0]","[0, 0, 4]",True,True,True,hip://0,394,True,7.24,20.01,2.76444,447
185,397,64,1280,2048,64,160,2,160,1,1,1,5,16,16,4,2,0,"[64, 160, 0]","[4, 2, 0]","[0, 0, 2]",True,True,True,hip://0,395,True,7.24,22.57,3.11823,473
186,398,64,1280,2048,64,160,8,160,1,1,1,5,16,16,4,2,0,"[64, 160, 0]","[4, 2, 0]","[0, 0, 8]",True,True,True,hip://0,396,True,7.24,16.32,2.25528,377
187,399,64,1280,2048,32,160,1,160,1,1,1,5,16,16,2,2,0,"[32, 160, 0]","[2, 2, 0]","[0, 0, 1]",True,True,True,hip://0,397,True,7.24,25.4,3.50942,492
188,400,64,1280,2048,32,160,4,160,1,1,1,5,16,16,2,2,0,"[32, 160, 0]","[2, 2, 0]","[0, 0, 4]",True,True,True,hip://0,398,True,7.24,17.51,2.41988,405
189,401,64,1280,2048,32,160,2,160,1,1,1,5,16,16,2,2,0,"[32, 160, 0]","[2, 2, 0]","[0, 0, 2]",True,True,True,hip://0,399,True,7.24,11.08,1.5305,214
190,402,64,1280,2048,32,160,8,160,1,1,1,5,16,16,2,2,0,"[32, 160, 0]","[2, 2, 0]","[0, 0, 8]",True,True,True,hip://0,400,True,7.24,13.29,1.83712,310
191,403,64,1280,2048,32,160,4,320,1,1,2,5,16,16,1,2,0,"[32, 160, 0]","[1, 2, 0]","[0, 0, 4]",True,True,True,hip://0,401,True,7.24,17.1,2.36233,393
192,404,64,1280,2048,32,160,2,320,1,1,2,5,16,16,1,2,0,"[32, 160, 0]","[1, 2, 0]","[0, 0, 2]",True,True,True,hip://0,402,True,7.24,10.31,1.42498,189
193,405,64,1280,2048,32,160,8,320,1,1,2,5,16,16,1,2,0,"[32, 160, 0]","[1, 2, 0]","[0, 0, 8]",True,True,True,hip://0,403,True,7.24,14.46,1.99761,338
194,406,64,1280,2048,64,160,4,320,1,1,2,5,16,16,2,2,0,"[64, 160, 0]","[2, 2, 0]","[0, 0, 4]",True,True,True,hip://0,404,True,7.24,7.96,1.09975,71
195,407,64,1280,2048,64,160,2,320,1,1,2,5,16,16,2,2,0,"[64, 160, 0]","[2, 2, 0]","[0, 0, 2]",True,True,True,hip://0,405,True,7.24,12.38,1.71091,265
196,408,64,1280,2048,64,160,8,320,1,1,2,5,16,16,2,2,0,"[64, 160, 0]","[2, 2, 0]","[0, 0, 8]",True,True,True,hip://0,406,True,7.24,14.61,2.01856,344
197,409,64,1280,2048,64,160,16,320,1,1,2,5,16,16,2,2,0,"[64, 160, 0]","[2, 2, 0]","[0, 0, 16]",True,True,True,hip://0,407,True,7.24,19.33,2.67137,434
198,410,64,1280,2048,32,160,16,320,1,1,2,5,16,16,1,2,0,"[32, 160, 0]","[1, 2, 0]","[0, 0, 16]",True,True,True,hip://0,408,True,7.24,19.51,2.69621,437
211,411,64,1280,2048,16,320,4,320,1,1,1,10,16,16,1,2,0,"[16, 320, 0]","[1, 2, 0]","[0, 0, 4]",True,True,True,hip://0,409,True,7.24,11.74,1.62239,237
212,412,64,1280,2048,16,320,1,320,1,1,1,10,16,16,1,2,0,"[16, 320, 0]","[1, 2, 0]","[0, 0, 1]",True,True,True,hip://0,410,True,7.24,13.21,1.82509,308
213,413,64,1280,2048,16,320,2,320,1,1,1,10,16,16,1,2,0,"[16, 320, 0]","[1, 2, 0]","[0, 0, 2]",True,True,True,hip://0,411,True,7.24,20.05,2.77015,448
214,414,64,1280,2048,64,320,1,320,1,1,1,10,16,16,4,2,0,"[64, 320, 0]","[4, 2, 0]","[0, 0, 1]",True,True,True,hip://0,412,True,7.24,17.43,2.40843,402
215,415,64,1280,2048,64,320,4,320,1,1,1,10,16,16,4,2,0,"[64, 320, 0]","[4, 2, 0]","[0, 0, 4]",True,True,True,hip://0,413,True,7.24,24.15,3.33761,483
216,416,64,1280,2048,64,320,2,320,1,1,1,10,16,16,4,2,0,"[64, 320, 0]","[4, 2, 0]","[0, 0, 2]",True,True,True,hip://0,414,True,7.24,20.69,2.85877,455
217,417,64,1280,2048,32,320,1,320,1,1,1,10,16,16,2,2,0,"[32, 320, 0]","[2, 2, 0]","[0, 0, 1]",True,True,True,hip://0,415,True,7.24,21.77,3.00837,468
218,418,64,1280,2048,32,320,8,320,1,1,1,10,16,16,2,2,0,"[32, 320, 0]","[2, 2, 0]","[0, 0, 8]",True,True,True,hip://0,416,True,7.24,19.32,2.67039,433
219,419,64,1280,2048,32,320,4,320,1,1,1,10,16,16,2,2,0,"[32, 320, 0]","[2, 2, 0]","[0, 0, 4]",True,True,True,hip://0,417,True,7.24,11.94,1.64942,247
220,420,64,1280,2048,32,320,2,320,1,1,1,10,16,16,2,2,0,"[32, 320, 0]","[2, 2, 0]","[0, 0, 2]",True,True,True,hip://0,418,True,7.24,14.29,1.97485,334
221,421,64,1280,2048,32,320,8,64,1,1,1,2,16,16,2,10,0,"[32, 320, 0]","[2, 10, 0]","[0, 0, 8]",True,True,True,hip://0,419,True,7.24,17.19,2.37556,394
222,422,64,1280,2048,32,320,8,32,1,1,1,1,16,16,2,20,0,"[32, 320, 0]","[2, 20, 0]","[0, 0, 8]",True,True,True,hip://0,420,True,7.24,158.17,21.85678,596
223,423,64,1280,2048,32,320,1,32,1,1,1,1,16,16,2,20,0,"[32, 320, 0]","[2, 20, 0]","[0, 0, 1]",True,True,True,hip://0,421,True,7.24,1003.2,138.62565,619
224,424,64,1280,2048,32,320,4,32,1,1,1,1,16,16,2,20,0,"[32, 320, 0]","[2, 20, 0]","[0, 0, 4]",True,True,True,hip://0,422,True,7.24,1700.79,235.02075,638
225,425,64,1280,2048,32,320,2,32,1,1,1,1,16,16,2,20,0,"[32, 320, 0]","[2, 20, 0]","[0, 0, 2]",True,True,True,hip://0,423,True,7.24,1600.22,221.12464,636
226,426,64,1280,2048,32,320,1,64,1,1,1,2,16,16,2,10,0,"[32, 320, 0]","[2, 10, 0]","[0, 0, 1]",True,True,True,hip://0,424,True,7.24,1577.85,218.03306,634
227,427,64,1280,2048,32,320,4,64,1,1,1,2,16,16,2,10,0,"[32, 320, 0]","[2, 10, 0]","[0, 0, 4]",True,True,True,hip://0,425,True,7.24,32.1,4.43629,507
228,428,64,1280,2048,32,320,2,64,1,1,1,2,16,16,2,10,0,"[32, 320, 0]","[2, 10, 0]","[0, 0, 2]",True,True,True,hip://0,426,True,7.24,122.5,16.92692,591
235,429,64,1280,2048,16,320,1,32,1,1,1,1,16,16,1,20,0,"[16, 320, 0]","[1, 20, 0]","[0, 0, 1]",True,True,True,hip://0,427,True,7.24,30.67,4.23859,504
236,430,64,1280,2048,16,320,1,64,1,1,1,2,16,16,1,10,0,"[16, 320, 0]","[1, 10, 0]","[0, 0, 1]",True,True,True,hip://0,428,True,7.24,55.25,7.63531,564
237,431,64,1280,2048,64,320,1,64,1,1,1,2,16,16,4,10,0,"[64, 320, 0]","[4, 10, 0]","[0, 0, 1]",True,True,True,hip://0,429,True,7.24,41.61,5.74981,541
238,432,64,1280,2048,16,320,8,32,1,1,1,1,16,16,1,20,0,"[16, 320, 0]","[1, 20, 0]","[0, 0, 8]",True,True,True,hip://0,430,True,7.24,1433.14,198.03698,630
239,433,64,1280,2048,16,320,4,32,1,1,1,1,16,16,1,20,0,"[16, 320, 0]","[1, 20, 0]","[0, 0, 4]",True,True,True,hip://0,431,True,7.24,312.93,43.24203,608
240,434,64,1280,2048,16,320,2,32,1,1,1,1,16,16,1,20,0,"[16, 320, 0]","[1, 20, 0]","[0, 0, 2]",True,True,True,hip://0,432,False,7.24,,inf,643
241,435,64,1280,2048,16,320,8,64,1,1,1,2,16,16,1,10,0,"[16, 320, 0]","[1, 10, 0]","[0, 0, 8]",True,True,True,hip://0,433,True,7.24,127.59,17.63142,595
242,436,64,1280,2048,64,320,8,64,1,1,1,2,16,16,4,10,0,"[64, 320, 0]","[4, 10, 0]","[0, 0, 8]",True,True,True,hip://0,434,True,7.24,43.06,5.94971,543
243,437,64,1280,2048,16,320,2,64,1,1,1,2,16,16,1,10,0,"[16, 320, 0]","[1, 10, 0]","[0, 0, 2]",True,True,True,hip://0,435,True,7.24,317.25,43.83899,609
244,438,64,1280,2048,16,320,4,64,1,1,1,2,16,16,1,10,0,"[16, 320, 0]","[1, 10, 0]","[0, 0, 4]",True,True,True,hip://0,436,True,7.24,22.95,3.17089,475
245,439,64,1280,2048,64,320,2,64,1,1,1,2,16,16,4,10,0,"[64, 320, 0]","[4, 10, 0]","[0, 0, 2]",True,True,True,hip://0,437,True,7.24,25.94,3.58454,494
248,440,64,1280,2048,64,320,4,64,1,1,1,2,16,16,4,10,0,"[64, 320, 0]","[4, 10, 0]","[0, 0, 4]",True,True,True,hip://0,438,True,7.24,296.47,40.96712,603
250,441,64,1280,2048,64,320,8,320,1,1,1,10,16,16,4,2,0,"[64, 320, 0]","[4, 2, 0]","[0, 0, 8]",True,True,True,hip://0,439,True,7.24,1371.34,189.49666,624
252,442,64,1280,2048,16,320,8,320,1,1,1,10,16,16,1,2,0,"[16, 320, 0]","[1, 2, 0]","[0, 0, 8]",True,True,True,hip://0,440,True,7.24,24.68,3.41009,490
255,443,64,1280,2048,32,256,1,32,1,1,1,1,16,16,2,16,0,"[32, 256, 0]","[2, 16, 0]","[0, 0, 1]",True,True,True,hip://0,441,True,7.24,9.25,1.27886,137
256,444,64,1280,2048,32,160,1,64,1,1,1,2,16,16,2,5,0,"[32, 160, 0]","[2, 5, 0]","[0, 0, 1]",True,True,True,hip://0,442,True,7.24,1423.7,196.73166,628
257,445,64,1280,2048,32,256,1,64,1,1,1,2,16,16,2,8,0,"[32, 256, 0]","[2, 8, 0]","[0, 0, 1]",True,True,True,hip://0,443,True,7.24,44.71,6.17872,550
258,446,64,1280,2048,32,256,4,32,1,1,1,1,16,16,2,16,0,"[32, 256, 0]","[2, 16, 0]","[0, 0, 4]",True,True,True,hip://0,444,True,7.24,31.7,4.38087,506
259,447,64,1280,2048,32,256,4,64,1,1,1,2,16,16,2,8,0,"[32, 256, 0]","[2, 8, 0]","[0, 0, 4]",True,True,True,hip://0,445,True,7.24,1407.76,194.52916,627
260,448,64,1280,2048,32,256,2,64,1,1,1,2,16,16,2,8,0,"[32, 256, 0]","[2, 8, 0]","[0, 0, 2]",True,True,True,hip://0,446,True,7.24,17.95,2.47979,413
261,449,64,1280,2048,32,256,8,64,1,1,1,2,16,16,2,8,0,"[32, 256, 0]","[2, 8, 0]","[0, 0, 8]",True,True,True,hip://0,447,True,7.24,19.4,2.68057,435
262,450,64,1280,2048,32,256,8,32,1,1,1,1,16,16,2,16,0,"[32, 256, 0]","[2, 16, 0]","[0, 0, 8]",True,True,True,hip://0,448,True,7.24,99.52,13.75266,580
263,451,64,1280,2048,32,256,2,32,1,1,1,1,16,16,2,16,0,"[32, 256, 0]","[2, 16, 0]","[0, 0, 2]",True,True,True,hip://0,449,True,7.24,891.64,123.2098,617
264,452,64,1280,2048,32,80,32,32,1,1,1,1,16,16,2,5,0,"[32, 80, 0]","[2, 5, 0]","[0, 0, 32]",True,True,True,hip://0,450,True,7.24,1434.45,198.21781,631
265,453,64,1280,2048,32,32,32,32,1,1,1,1,16,16,2,2,0,"[32, 32, 0]","[2, 2, 0]","[0, 0, 32]",True,True,True,hip://0,451,True,7.24,71.06,9.8194,571
266,454,64,1280,2048,32,64,32,32,1,1,1,1,16,16,2,4,0,"[32, 64, 0]","[2, 4, 0]","[0, 0, 32]",True,True,True,hip://0,452,True,7.24,19.19,2.65229,432
267,455,64,1280,2048,32,16,32,32,1,1,1,1,16,16,2,1,0,"[32, 16, 0]","[2, 1, 0]","[0, 0, 32]",True,True,True,hip://0,453,True,7.24,57.63,7.96407,566
268,456,64,1280,2048,32,80,16,32,1,1,1,1,16,16,2,5,0,"[32, 80, 0]","[2, 5, 0]","[0, 0, 16]",True,True,True,hip://0,454,True,7.24,9.11,1.25844,127
269,457,64,1280,2048,32,128,16,32,1,1,1,1,16,16,2,8,0,"[32, 128, 0]","[2, 8, 0]","[0, 0, 16]",True,True,True,hip://0,455,True,7.24,49.1,6.78431,560
270,458,64,1280,2048,32,160,16,32,1,1,1,1,16,16,2,10,0,"[32, 160, 0]","[2, 10, 0]","[0, 0, 16]",True,True,True,hip://0,456,True,7.24,124.82,17.24743,593
271,459,64,1280,2048,32,32,16,32,1,1,1,1,16,16,2,2,0,"[32, 32, 0]","[2, 2, 0]","[0, 0, 16]",True,True,True,hip://0,457,False,7.24,,inf,644
272,460,64,1280,2048,32,64,16,32,1,1,1,1,16,16,2,4,0,"[32, 64, 0]","[2, 4, 0]","[0, 0, 16]",True,True,True,hip://0,458,False,7.24,,inf,645
273,461,64,1280,2048,32,16,16,32,1,1,1,1,16,16,2,1,0,"[32, 16, 0]","[2, 1, 0]","[0, 0, 16]",True,True,True,hip://0,459,False,7.24,,inf,646
274,462,64,1280,2048,32,80,8,32,1,1,1,1,16,16,2,5,0,"[32, 80, 0]","[2, 5, 0]","[0, 0, 8]",True,True,True,hip://0,460,True,7.24,8.13,1.12358,85
275,463,64,1280,2048,32,128,8,32,1,1,1,1,16,16,2,8,0,"[32, 128, 0]","[2, 8, 0]","[0, 0, 8]",True,True,True,hip://0,461,True,7.24,10.74,1.48457,208
276,464,64,1280,2048,32,160,8,32,1,1,1,1,16,16,2,10,0,"[32, 160, 0]","[2, 10, 0]","[0, 0, 8]",True,True,True,hip://0,462,True,7.24,94.85,13.10655,578
277,465,64,1280,2048,32,32,8,32,1,1,1,1,16,16,2,2,0,"[32, 32, 0]","[2, 2, 0]","[0, 0, 8]",True,True,True,hip://0,463,True,7.24,164.92,22.78894,597
278,466,64,1280,2048,32,64,8,32,1,1,1,1,16,16,2,4,0,"[32, 64, 0]","[2, 4, 0]","[0, 0, 8]",True,True,True,hip://0,464,True,7.24,7.58,1.04741,54
279,467,64,1280,2048,32,16,8,32,1,1,1,1,16,16,2,1,0,"[32, 16, 0]","[2, 1, 0]","[0, 0, 8]",True,True,True,hip://0,465,True,7.24,9.58,1.32399,156
280,468,64,1280,2048,32,80,1,32,1,1,1,1,16,16,2,5,0,"[32, 80, 0]","[2, 5, 0]","[0, 0, 1]",True,True,True,hip://0,466,True,7.24,6.88,0.95092,22
281,469,64,1280,2048,32,128,1,32,1,1,1,1,16,16,2,8,0,"[32, 128, 0]","[2, 8, 0]","[0, 0, 1]",True,True,True,hip://0,467,True,7.24,41.24,5.6992,538
282,470,64,1280,2048,32,160,1,32,1,1,1,1,16,16,2,10,0,"[32, 160, 0]","[2, 10, 0]","[0, 0, 1]",True,True,True,hip://0,468,True,7.24,18.62,2.57264,422
283,471,64,1280,2048,32,80,4,32,1,1,1,1,16,16,2,5,0,"[32, 80, 0]","[2, 5, 0]","[0, 0, 4]",True,True,True,hip://0,469,True,7.24,19.71,2.72293,439
284,472,64,1280,2048,32,80,2,32,1,1,1,1,16,16,2,5,0,"[32, 80, 0]","[2, 5, 0]","[0, 0, 2]",True,True,True,hip://0,470,True,7.24,10.29,1.42259,187
285,473,64,1280,2048,32,160,4,32,1,1,1,1,16,16,2,10,0,"[32, 160, 0]","[2, 10, 0]","[0, 0, 4]",True,True,True,hip://0,471,True,7.24,12.17,1.68115,254
286,474,64,1280,2048,32,128,4,32,1,1,1,1,16,16,2,8,0,"[32, 128, 0]","[2, 8, 0]","[0, 0, 4]",True,True,True,hip://0,472,True,7.24,122.16,16.88117,590
287,475,64,1280,2048,32,32,4,32,1,1,1,1,16,16,2,2,0,"[32, 32, 0]","[2, 2, 0]","[0, 0, 4]",True,True,True,hip://0,473,True,7.24,24.12,3.33314,482
288,476,64,1280,2048,32,64,4,32,1,1,1,1,16,16,2,4,0,"[32, 64, 0]","[2, 4, 0]","[0, 0, 4]",True,True,True,hip://0,474,True,7.24,8.71,1.20417,110
289,477,64,1280,2048,32,16,4,32,1,1,1,1,16,16,2,1,0,"[32, 16, 0]","[2, 1, 0]","[0, 0, 4]",True,True,True,hip://0,475,True,7.24,9.17,1.26729,131
290,478,64,1280,2048,32,160,2,32,1,1,1,1,16,16,2,10,0,"[32, 160, 0]","[2, 10, 0]","[0, 0, 2]",True,True,True,hip://0,476,True,7.24,7.87,1.08763,66
291,479,64,1280,2048,32,128,2,32,1,1,1,1,16,16,2,8,0,"[32, 128, 0]","[2, 8, 0]","[0, 0, 2]",True,True,True,hip://0,477,True,7.24,39.9,5.5139,534
292,480,64,1280,2048,32,16,1,32,1,1,1,1,16,16,2,1,0,"[32, 16, 0]","[2, 1, 0]","[0, 0, 1]",True,True,True,hip://0,478,True,7.24,15.67,2.16528,363
293,481,64,1280,2048,32,32,1,32,1,1,1,1,16,16,2,2,0,"[32, 32, 0]","[2, 2, 0]","[0, 0, 1]",True,True,True,hip://0,479,True,7.24,12.07,1.66785,249
294,482,64,1280,2048,32,64,1,32,1,1,1,1,16,16,2,4,0,"[32, 64, 0]","[2, 4, 0]","[0, 0, 1]",True,True,True,hip://0,480,True,7.24,12.98,1.79429,295
295,483,64,1280,2048,32,16,2,32,1,1,1,1,16,16,2,1,0,"[32, 16, 0]","[2, 1, 0]","[0, 0, 2]",True,True,True,hip://0,481,True,7.24,14.59,2.01596,342
296,484,64,1280,2048,32,32,2,32,1,1,1,1,16,16,2,2,0,"[32, 32, 0]","[2, 2, 0]","[0, 0, 2]",True,True,True,hip://0,482,True,7.24,9.44,1.30495,145
297,485,64,1280,2048,32,64,2,32,1,1,1,1,16,16,2,4,0,"[32, 64, 0]","[2, 4, 0]","[0, 0, 2]",True,True,True,hip://0,483,True,7.24,9.78,1.3513,165
310,486,64,1280,2048,16,256,1,64,1,1,1,2,16,16,1,8,0,"[16, 256, 0]","[1, 8, 0]","[0, 0, 1]",True,True,True,hip://0,484,True,7.24,11.82,1.63305,240
311,487,64,1280,2048,16,256,1,32,1,1,1,1,16,16,1,16,0,"[16, 256, 0]","[1, 16, 0]","[0, 0, 1]",True,True,True,hip://0,485,True,7.24,24.18,3.34102,484
312,488,64,1280,2048,64,256,1,64,1,1,1,2,16,16,4,8,0,"[64, 256, 0]","[4, 8, 0]","[0, 0, 1]",True,True,True,hip://0,486,True,7.24,30.55,4.22101,503
313,489,64,1280,2048,64,256,8,64,1,1,1,2,16,16,4,8,0,"[64, 256, 0]","[4, 8, 0]","[0, 0, 8]",True,True,True,hip://0,487,True,7.24,290.47,40.13811,602
314,490,64,1280,2048,64,256,4,64,1,1,1,2,16,16,4,8,0,"[64, 256, 0]","[4, 8, 0]","[0, 0, 4]",True,True,True,hip://0,488,True,7.24,300.57,41.53355,605
315,491,64,1280,2048,64,256,2,64,1,1,1,2,16,16,4,8,0,"[64, 256, 0]","[4, 8, 0]","[0, 0, 2]",True,True,True,hip://0,489,False,7.24,,inf,647
316,492,64,1280,2048,16,256,8,32,1,1,1,1,16,16,1,16,0,"[16, 256, 0]","[1, 16, 0]","[0, 0, 8]",True,True,True,hip://0,490,True,7.24,196.88,27.20551,600
317,493,64,1280,2048,16,256,4,32,1,1,1,1,16,16,1,16,0,"[16, 256, 0]","[1, 16, 0]","[0, 0, 4]",True,True,True,hip://0,491,True,7.24,206.08,28.47688,601
318,494,64,1280,2048,16,256,2,32,1,1,1,1,16,16,1,16,0,"[16, 256, 0]","[1, 16, 0]","[0, 0, 2]",True,True,True,hip://0,492,True,7.24,100.62,13.90446,581
319,495,64,1280,2048,16,256,8,64,1,1,1,2,16,16,1,8,0,"[16, 256, 0]","[1, 8, 0]","[0, 0, 8]",True,True,True,hip://0,493,True,7.24,34.95,4.82991,522
320,496,64,1280,2048,16,256,4,64,1,1,1,2,16,16,1,8,0,"[16, 256, 0]","[1, 8, 0]","[0, 0, 4]",True,True,True,hip://0,494,True,7.24,19.73,2.72674,441
321,497,64,1280,2048,16,256,2,64,1,1,1,2,16,16,1,8,0,"[16, 256, 0]","[1, 8, 0]","[0, 0, 2]",True,True,True,hip://0,495,True,7.24,12.27,1.69491,256
322,498,64,1280,2048,16,160,8,32,1,1,1,1,16,16,1,10,0,"[16, 160, 0]","[1, 10, 0]","[0, 0, 8]",True,True,True,hip://0,496,True,7.24,16.56,2.28833,381
323,499,64,1280,2048,16,128,8,32,1,1,1,1,16,16,1,8,0,"[16, 128, 0]","[1, 8, 0]","[0, 0, 8]",True,True,True,hip://0,497,True,7.24,48.84,6.74921,558
324,500,64,1280,2048,16,80,8,32,1,1,1,1,16,16,1,5,0,"[16, 80, 0]","[1, 5, 0]","[0, 0, 8]",True,True,True,hip://0,498,True,7.24,20.88,2.88527,459
325,501,64,1280,2048,16,32,8,32,1,1,1,1,16,16,1,2,0,"[16, 32, 0]","[1, 2, 0]","[0, 0, 8]",True,True,True,hip://0,499,True,7.24,12.62,1.74362,281
326,502,64,1280,2048,16,64,8,32,1,1,1,1,16,16,1,4,0,"[16, 64, 0]","[1, 4, 0]","[0, 0, 8]",True,True,True,hip://0,500,True,7.24,7.4,1.02261,41
327,503,64,1280,2048,16,16,8,32,1,1,1,1,16,16,1,1,0,"[16, 16, 0]","[1, 1, 0]","[0, 0, 8]",True,True,True,hip://0,501,True,7.24,8.65,1.19476,105
328,504,64,1280,2048,16,160,4,32,1,1,1,1,16,16,1,10,0,"[16, 160, 0]","[1, 10, 0]","[0, 0, 4]",True,True,True,hip://0,502,True,7.24,7.81,1.07891,62
329,505,64,1280,2048,16,128,4,32,1,1,1,1,16,16,1,8,0,"[16, 128, 0]","[1, 8, 0]","[0, 0, 4]",True,True,True,hip://0,503,True,7.24,24.18,3.34178,485
330,506,64,1280,2048,16,80,4,32,1,1,1,1,16,16,1,5,0,"[16, 80, 0]","[1, 5, 0]","[0, 0, 4]",True,True,True,hip://0,504,True,7.24,10.21,1.41097,179
331,507,64,1280,2048,16,32,4,32,1,1,1,1,16,16,1,2,0,"[16, 32, 0]","[1, 2, 0]","[0, 0, 4]",True,True,True,hip://0,505,True,7.24,8.57,1.18399,103
332,508,64,1280,2048,16,64,4,32,1,1,1,1,16,16,1,4,0,"[16, 64, 0]","[1, 4, 0]","[0, 0, 4]",True,True,True,hip://0,506,True,7.24,7.92,1.0949,69
333,509,64,1280,2048,16,16,4,32,1,1,1,1,16,16,1,1,0,"[16, 16, 0]","[1, 1, 0]","[0, 0, 4]",True,True,True,hip://0,507,True,7.24,9.56,1.32086,153
334,510,64,1280,2048,16,160,2,32,1,1,1,1,16,16,1,10,0,"[16, 160, 0]","[1, 10, 0]","[0, 0, 2]",True,True,True,hip://0,508,True,7.24,8.4,1.16123,95
335,511,64,1280,2048,16,128,2,32,1,1,1,1,16,16,1,8,0,"[16, 128, 0]","[1, 8, 0]","[0, 0, 2]",True,True,True,hip://0,509,True,7.24,14.04,1.94063,326
336,512,64,1280,2048,16,80,2,32,1,1,1,1,16,16,1,5,0,"[16, 80, 0]","[1, 5, 0]","[0, 0, 2]",True,True,True,hip://0,510,True,7.24,12.63,1.74557,282
337,513,64,1280,2048,16,32,2,32,1,1,1,1,16,16,1,2,0,"[16, 32, 0]","[1, 2, 0]","[0, 0, 2]",True,True,True,hip://0,511,True,7.24,10.42,1.43985,194
338,514,64,1280,2048,16,64,2,32,1,1,1,1,16,16,1,4,0,"[16, 64, 0]","[1, 4, 0]","[0, 0, 2]",True,True,True,hip://0,512,True,7.24,9.08,1.25476,126
339,515,64,1280,2048,16,160,1,32,1,1,1,1,16,16,1,10,0,"[16, 160, 0]","[1, 10, 0]","[0, 0, 1]",True,True,True,hip://0,513,True,7.24,10.11,1.39706,176
340,516,64,1280,2048,16,160,16,32,1,1,1,1,16,16,1,10,0,"[16, 160, 0]","[1, 10, 0]","[0, 0, 16]",True,True,True,hip://0,514,True,7.24,16.73,2.31239,387
341,517,64,1280,2048,16,80,1,32,1,1,1,1,16,16,1,5,0,"[16, 80, 0]","[1, 5, 0]","[0, 0, 1]",True,True,True,hip://0,515,True,7.24,110.03,15.20406,589
342,518,64,1280,2048,16,32,1,32,1,1,1,1,16,16,1,2,0,"[16, 32, 0]","[1, 2, 0]","[0, 0, 1]",True,True,True,hip://0,516,True,7.24,38.95,5.38203,532
343,519,64,1280,2048,16,64,1,32,1,1,1,1,16,16,1,4,0,"[16, 64, 0]","[1, 4, 0]","[0, 0, 1]",True,True,True,hip://0,517,True,7.24,12.12,1.67412,251
344,520,64,1280,2048,16,16,1,32,1,1,1,1,16,16,1,1,0,"[16, 16, 0]","[1, 1, 0]","[0, 0, 1]",True,True,True,hip://0,518,True,7.24,12.54,1.73292,278
345,521,64,1280,2048,16,128,1,32,1,1,1,1,16,16,1,8,0,"[16, 128, 0]","[1, 8, 0]","[0, 0, 1]",True,True,True,hip://0,519,True,7.24,14.37,1.98633,336
346,522,64,1280,2048,16,80,32,32,1,1,1,1,16,16,1,5,0,"[16, 80, 0]","[1, 5, 0]","[0, 0, 32]",True,True,True,hip://0,520,True,7.24,14.77,2.04049,347
347,523,64,1280,2048,16,80,16,32,1,1,1,1,16,16,1,5,0,"[16, 80, 0]","[1, 5, 0]","[0, 0, 16]",True,True,True,hip://0,521,True,7.24,48.66,6.72464,557
348,524,64,1280,2048,16,16,32,32,1,1,1,1,16,16,1,1,0,"[16, 16, 0]","[1, 1, 0]","[0, 0, 32]",True,True,True,hip://0,522,True,7.24,14.98,2.0702,353
349,525,64,1280,2048,16,16,16,32,1,1,1,1,16,16,1,1,0,"[16, 16, 0]","[1, 1, 0]","[0, 0, 16]",True,True,True,hip://0,523,True,7.24,9.0,1.24407,120
350,526,64,1280,2048,16,32,32,32,1,1,1,1,16,16,1,2,0,"[16, 32, 0]","[1, 2, 0]","[0, 0, 32]",True,True,True,hip://0,524,True,7.24,9.04,1.24881,121
351,527,64,1280,2048,16,64,32,32,1,1,1,1,16,16,1,4,0,"[16, 64, 0]","[1, 4, 0]","[0, 0, 32]",True,True,True,hip://0,525,True,7.24,8.66,1.19605,106
352,528,64,1280,2048,16,32,16,32,1,1,1,1,16,16,1,2,0,"[16, 32, 0]","[1, 2, 0]","[0, 0, 16]",True,True,True,hip://0,526,True,7.24,34.18,4.72292,518
353,529,64,1280,2048,16,64,16,32,1,1,1,1,16,16,1,4,0,"[16, 64, 0]","[1, 4, 0]","[0, 0, 16]",True,True,True,hip://0,527,True,7.24,7.84,1.08397,64
354,530,64,1280,2048,16,128,16,32,1,1,1,1,16,16,1,8,0,"[16, 128, 0]","[1, 8, 0]","[0, 0, 16]",True,True,True,hip://0,528,True,7.24,12.32,1.70261,261
355,531,64,1280,2048,16,160,8,320,1,1,1,10,16,16,1,1,0,"[16, 160, 0]","[1, 1, 0]","[0, 0, 8]",True,True,True,hip://0,529,True,7.24,71.05,9.81787,570
359,532,64,1280,2048,32,160,4,64,1,1,2,1,16,16,1,10,0,"[32, 160, 0]","[1, 10, 0]","[0, 0, 4]",True,True,True,hip://0,530,True,7.24,6.81,0.94068,20
360,533,64,1280,2048,32,160,2,64,1,1,2,1,16,16,1,10,0,"[32, 160, 0]","[1, 10, 0]","[0, 0, 2]",True,True,True,hip://0,531,True,7.24,12.33,1.70353,263
361,534,64,1280,2048,32,160,1,64,1,1,2,1,16,16,1,10,0,"[32, 160, 0]","[1, 10, 0]","[0, 0, 1]",True,True,True,hip://0,532,True,7.24,15.24,2.10544,357
362,535,64,1280,2048,32,160,8,64,1,1,2,1,16,16,1,10,0,"[32, 160, 0]","[1, 10, 0]","[0, 0, 8]",True,True,True,hip://0,533,True,7.24,43.17,5.96504,545
363,536,64,1280,2048,32,160,16,64,1,1,2,1,16,16,1,10,0,"[32, 160, 0]","[1, 10, 0]","[0, 0, 16]",True,True,True,hip://0,534,True,7.24,22.63,3.1273,474
364,537,64,1280,2048,32,320,4,64,1,1,2,1,16,16,1,20,0,"[32, 320, 0]","[1, 20, 0]","[0, 0, 4]",True,True,True,hip://0,535,True,7.24,39.96,5.52168,535
371,538,64,1280,2048,64,160,8,320,1,1,1,10,16,16,4,1,0,"[64, 160, 0]","[4, 1, 0]","[0, 0, 8]",True,True,True,hip://0,536,True,7.24,126.51,17.48188,594
372,539,64,1280,2048,64,160,16,320,1,1,1,10,16,16,4,1,0,"[64, 160, 0]","[4, 1, 0]","[0, 0, 16]",True,True,True,hip://0,537,True,7.24,19.72,2.72477,440
374,540,64,1280,2048,64,160,4,320,1,1,1,10,16,16,4,1,0,"[64, 160, 0]","[4, 1, 0]","[0, 0, 4]",True,True,True,hip://0,538,True,7.24,19.14,2.64515,430
375,541,64,1280,2048,64,160,2,320,1,1,1,10,16,16,4,1,0,"[64, 160, 0]","[4, 1, 0]","[0, 0, 2]",True,True,True,hip://0,539,True,7.24,13.2,1.82349,307
376,542,64,1280,2048,32,160,8,320,1,1,1,10,16,16,2,1,0,"[32, 160, 0]","[2, 1, 0]","[0, 0, 8]",True,True,True,hip://0,540,True,7.24,15.37,2.12342,359
377,543,64,1280,2048,16,160,16,320,1,1,1,10,16,16,1,1,0,"[16, 160, 0]","[1, 1, 0]","[0, 0, 16]",True,True,True,hip://0,541,True,7.24,8.08,1.11698,81
381,544,64,1280,2048,16,160,2,320,1,1,1,10,16,16,1,1,0,"[16, 160, 0]","[1, 1, 0]","[0, 0, 2]",True,True,True,hip://0,542,True,7.24,7.26,1.00374,37
382,545,64,1280,2048,16,160,4,320,1,1,1,10,16,16,1,1,0,"[16, 160, 0]","[1, 1, 0]","[0, 0, 4]",True,True,True,hip://0,543,True,7.24,13.24,1.82952,309
383,546,64,1280,2048,16,160,1,320,1,1,1,10,16,16,1,1,0,"[16, 160, 0]","[1, 1, 0]","[0, 0, 1]",True,True,True,hip://0,544,True,7.24,9.7,1.34105,161
384,547,64,1280,2048,32,160,16,320,1,1,1,10,16,16,2,1,0,"[32, 160, 0]","[2, 1, 0]","[0, 0, 16]",True,True,True,hip://0,545,True,7.24,42.97,5.93769,542
385,548,64,1280,2048,32,160,2,320,1,1,1,10,16,16,2,1,0,"[32, 160, 0]","[2, 1, 0]","[0, 0, 2]",True,True,True,hip://0,546,True,7.24,12.3,1.69911,258
386,549,64,1280,2048,32,160,4,320,1,1,1,10,16,16,2,1,0,"[32, 160, 0]","[2, 1, 0]","[0, 0, 4]",True,True,True,hip://0,547,True,7.24,13.05,1.80308,300
387,550,64,1280,2048,32,160,1,320,1,1,1,10,16,16,2,1,0,"[32, 160, 0]","[2, 1, 0]","[0, 0, 1]",True,True,True,hip://0,548,True,7.24,9.73,1.34476,162
401,551,64,1280,2048,32,80,4,64,1,1,2,1,16,16,1,5,0,"[32, 80, 0]","[1, 5, 0]","[0, 0, 4]",True,True,True,hip://0,549,True,7.24,16.6,2.29436,383
405,552,64,1280,2048,32,80,1,64,1,1,2,1,16,16,1,5,0,"[32, 80, 0]","[1, 5, 0]","[0, 0, 1]",True,True,True,hip://0,550,True,7.24,9.04,1.24913,122
406,553,64,1280,2048,32,80,2,64,1,1,2,1,16,16,1,5,0,"[32, 80, 0]","[1, 5, 0]","[0, 0, 2]",True,True,True,hip://0,551,True,7.24,33.26,4.59644,512
407,554,64,1280,2048,32,80,8,64,1,1,2,1,16,16,1,5,0,"[32, 80, 0]","[1, 5, 0]","[0, 0, 8]",True,True,True,hip://0,552,True,7.24,27.97,3.8645,499
408,555,64,1280,2048,32,80,32,64,1,1,2,1,16,16,1,5,0,"[32, 80, 0]","[1, 5, 0]","[0, 0, 32]",True,True,True,hip://0,553,True,7.24,6.92,0.95576,24
409,556,64,1280,2048,32,80,16,64,1,1,2,1,16,16,1,5,0,"[32, 80, 0]","[1, 5, 0]","[0, 0, 16]",True,True,True,hip://0,554,True,7.24,18.73,2.58819,425
411,557,64,1280,2048,32,64,4,64,1,1,2,1,16,16,1,4,0,"[32, 64, 0]","[1, 4, 0]","[0, 0, 4]",True,True,True,hip://0,555,True,7.24,12.45,1.72034,271
412,558,64,1280,2048,32,64,1,64,1,1,2,1,16,16,1,4,0,"[32, 64, 0]","[1, 4, 0]","[0, 0, 1]",True,True,True,hip://0,556,True,7.24,8.33,1.15157,90
420,559,64,1280,2048,16,160,1,64,1,1,1,2,16,16,1,5,0,"[16, 160, 0]","[1, 5, 0]","[0, 0, 1]",True,True,True,hip://0,557,True,7.24,13.13,1.81377,302
434,560,64,1280,2048,16,32,1,64,1,1,1,2,16,16,1,1,0,"[16, 32, 0]","[1, 1, 0]","[0, 0, 1]",True,True,True,hip://0,558,True,7.24,40.75,5.63074,537
435,561,64,1280,2048,16,128,1,64,1,1,1,2,16,16,1,4,0,"[16, 128, 0]","[1, 4, 0]","[0, 0, 1]",True,True,True,hip://0,559,True,7.24,12.99,1.79474,296
441,562,64,1280,2048,64,32,8,64,1,1,1,2,16,16,4,1,0,"[64, 32, 0]","[4, 1, 0]","[0, 0, 8]",True,True,True,hip://0,560,True,7.24,13.77,1.90249,319
442,563,64,1280,2048,64,32,1,64,1,1,1,2,16,16,4,1,0,"[64, 32, 0]","[4, 1, 0]","[0, 0, 1]",True,True,True,hip://0,561,True,7.24,7.18,0.99209,34
443,564,64,1280,2048,16,32,8,64,1,1,1,2,16,16,1,1,0,"[16, 32, 0]","[1, 1, 0]","[0, 0, 8]",True,True,True,hip://0,562,True,7.24,15.04,2.07862,354
444,565,64,1280,2048,16,32,4,64,1,1,1,2,16,16,1,1,0,"[16, 32, 0]","[1, 1, 0]","[0, 0, 4]",True,True,True,hip://0,563,True,7.24,6.94,0.95886,27
445,566,64,1280,2048,16,32,32,64,1,1,1,2,16,16,1,1,0,"[16, 32, 0]","[1, 1, 0]","[0, 0, 32]",True,True,True,hip://0,564,True,7.24,7.89,1.09001,68
446,567,64,1280,2048,16,32,16,64,1,1,1,2,16,16,1,1,0,"[16, 32, 0]","[1, 1, 0]","[0, 0, 16]",True,True,True,hip://0,565,True,7.24,8.22,1.13584,88
447,568,64,1280,2048,16,160,8,64,1,1,1,2,16,16,1,5,0,"[16, 160, 0]","[1, 5, 0]","[0, 0, 8]",True,True,True,hip://0,566,True,7.24,8.01,1.10718,73
448,569,64,1280,2048,16,128,8,64,1,1,1,2,16,16,1,4,0,"[16, 128, 0]","[1, 4, 0]","[0, 0, 8]",True,True,True,hip://0,567,True,7.24,7.88,1.08924,67
449,570,64,1280,2048,16,160,4,64,1,1,1,2,16,16,1,5,0,"[16, 160, 0]","[1, 5, 0]","[0, 0, 4]",True,True,True,hip://0,568,True,7.24,7.56,1.044,52
453,571,64,1280,2048,32,16,4,64,1,1,2,1,16,16,1,1,0,"[32, 16, 0]","[1, 1, 0]","[0, 0, 4]",True,True,True,hip://0,569,True,7.24,10.29,1.42219,186
454,572,64,1280,2048,32,32,4,64,1,1,2,1,16,16,1,2,0,"[32, 32, 0]","[1, 2, 0]","[0, 0, 4]",True,True,True,hip://0,570,True,7.24,8.63,1.19276,104
455,573,64,1280,2048,32,16,2,64,1,1,2,1,16,16,1,1,0,"[32, 16, 0]","[1, 1, 0]","[0, 0, 2]",True,True,True,hip://0,571,True,7.24,7.49,1.03497,48
475,574,64,1280,2048,64,128,16,64,1,1,1,2,16,16,4,4,0,"[64, 128, 0]","[4, 4, 0]","[0, 0, 16]",True,True,True,hip://0,572,True,7.24,9.34,1.29,140
476,575,64,1280,2048,64,128,2,64,1,1,1,2,16,16,4,4,0,"[64, 128, 0]","[4, 4, 0]","[0, 0, 2]",True,True,True,hip://0,573,True,7.24,70.04,9.67878,569
477,576,64,1280,2048,64,128,4,64,1,1,1,2,16,16,4,4,0,"[64, 128, 0]","[4, 4, 0]","[0, 0, 4]",True,True,True,hip://0,574,True,7.24,17.27,2.38606,398
478,577,64,1280,2048,64,128,8,64,1,1,1,2,16,16,4,4,0,"[64, 128, 0]","[4, 4, 0]","[0, 0, 8]",True,True,True,hip://0,575,True,7.24,18.55,2.56326,420
479,578,64,1280,2048,16,128,16,64,1,1,1,2,16,16,1,4,0,"[16, 128, 0]","[1, 4, 0]","[0, 0, 16]",True,True,True,hip://0,576,True,7.24,18.82,2.60042,426
480,579,64,1280,2048,16,128,2,64,1,1,1,2,16,16,1,4,0,"[16, 128, 0]","[1, 4, 0]","[0, 0, 2]",True,True,True,hip://0,577,True,7.24,13.16,1.81783,304
484,580,64,1280,2048,16,128,4,64,1,1,1,2,16,16,1,4,0,"[16, 128, 0]","[1, 4, 0]","[0, 0, 4]",True,True,True,hip://0,578,True,7.24,11.66,1.6114,234
486,581,64,1280,2048,64,128,1,64,1,1,1,2,16,16,4,4,0,"[64, 128, 0]","[4, 4, 0]","[0, 0, 1]",True,True,True,hip://0,579,True,7.24,9.31,1.28711,139
488,582,64,1280,2048,32,128,1,64,1,1,1,2,16,16,2,4,0,"[32, 128, 0]","[2, 4, 0]","[0, 0, 1]",True,True,True,hip://0,580,True,7.24,20.0,2.76379,446
494,583,64,1280,2048,32,128,16,64,1,1,1,2,16,16,2,4,0,"[32, 128, 0]","[2, 4, 0]","[0, 0, 16]",True,True,True,hip://0,581,True,7.24,16.07,2.22034,374
495,584,64,1280,2048,32,128,2,64,1,1,1,2,16,16,2,4,0,"[32, 128, 0]","[2, 4, 0]","[0, 0, 2]",True,True,True,hip://0,582,True,7.24,11.89,1.64356,243
496,585,64,1280,2048,32,128,8,64,1,1,1,2,16,16,2,4,0,"[32, 128, 0]","[2, 4, 0]","[0, 0, 8]",True,True,True,hip://0,583,True,7.24,13.89,1.91965,322
497,586,64,1280,2048,32,128,4,64,1,1,1,2,16,16,2,4,0,"[32, 128, 0]","[2, 4, 0]","[0, 0, 4]",True,True,True,hip://0,584,True,7.24,10.61,1.46634,202
498,587,64,1280,2048,16,64,1,64,1,1,1,2,16,16,1,2,0,"[16, 64, 0]","[1, 2, 0]","[0, 0, 1]",True,True,True,hip://0,585,True,7.24,10.14,1.4009,177
499,588,64,1280,2048,64,64,1,64,1,1,1,2,16,16,4,2,0,"[64, 64, 0]","[4, 2, 0]","[0, 0, 1]",True,True,True,hip://0,586,True,7.24,13.01,1.798,297
500,589,64,1280,2048,16,64,32,64,1,1,1,2,16,16,1,2,0,"[16, 64, 0]","[1, 2, 0]","[0, 0, 32]",True,True,True,hip://0,587,True,7.24,15.21,2.10217,356
501,590,64,1280,2048,16,64,16,64,1,1,1,2,16,16,1,2,0,"[16, 64, 0]","[1, 2, 0]","[0, 0, 16]",True,True,True,hip://0,588,True,7.24,9.08,1.25467,125
502,591,64,1280,2048,16,32,2,64,1,1,1,2,16,16,1,1,0,"[16, 32, 0]","[1, 1, 0]","[0, 0, 2]",True,True,True,hip://0,589,True,7.24,8.38,1.15798,93
503,592,64,1280,2048,16,64,2,64,1,1,1,2,16,16,1,2,0,"[16, 64, 0]","[1, 2, 0]","[0, 0, 2]",True,True,True,hip://0,590,True,7.24,9.45,1.30535,146
504,593,64,1280,2048,16,64,8,64,1,1,1,2,16,16,1,2,0,"[16, 64, 0]","[1, 2, 0]","[0, 0, 8]",True,True,True,hip://0,591,True,7.24,9.78,1.35087,164
505,594,64,1280,2048,16,64,4,64,1,1,1,2,16,16,1,2,0,"[16, 64, 0]","[1, 2, 0]","[0, 0, 4]",True,True,True,hip://0,592,True,7.24,6.59,0.91111,14
506,595,64,1280,2048,64,32,32,64,1,1,1,2,16,16,4,1,0,"[64, 32, 0]","[4, 1, 0]","[0, 0, 32]",True,True,True,hip://0,593,True,7.24,7.98,1.10271,72
507,596,64,1280,2048,64,32,16,64,1,1,1,2,16,16,4,1,0,"[64, 32, 0]","[4, 1, 0]","[0, 0, 16]",True,True,True,hip://0,594,True,7.24,11.88,1.6413,242
508,597,64,1280,2048,64,64,32,64,1,1,1,2,16,16,4,2,0,"[64, 64, 0]","[4, 2, 0]","[0, 0, 32]",True,True,True,hip://0,595,True,7.24,11.91,1.64527,244
509,598,64,1280,2048,64,64,16,64,1,1,1,2,16,16,4,2,0,"[64, 64, 0]","[4, 2, 0]","[0, 0, 16]",True,True,True,hip://0,596,False,7.24,,inf,648
510,599,64,1280,2048,64,32,2,64,1,1,1,2,16,16,4,1,0,"[64, 32, 0]","[4, 1, 0]","[0, 0, 2]",True,True,True,hip://0,597,False,7.24,,inf,649
511,600,64,1280,2048,64,64,2,64,1,1,1,2,16,16,4,2,0,"[64, 64, 0]","[4, 2, 0]","[0, 0, 2]",True,True,True,hip://0,598,True,7.24,9.07,1.25278,124
512,601,64,1280,2048,64,64,8,64,1,1,1,2,16,16,4,2,0,"[64, 64, 0]","[4, 2, 0]","[0, 0, 8]",True,True,True,hip://0,599,True,7.24,12.1,1.67192,250
513,602,64,1280,2048,64,64,4,64,1,1,1,2,16,16,4,2,0,"[64, 64, 0]","[4, 2, 0]","[0, 0, 4]",True,True,True,hip://0,600,True,7.24,8.76,1.21067,114
514,603,64,1280,2048,64,160,1,64,1,1,1,2,16,16,4,5,0,"[64, 160, 0]","[4, 5, 0]","[0, 0, 1]",True,True,True,hip://0,601,True,7.24,10.47,1.44613,197
515,604,64,1280,2048,64,160,16,64,1,1,1,2,16,16,4,5,0,"[64, 160, 0]","[4, 5, 0]","[0, 0, 16]",True,True,True,hip://0,602,True,7.24,48.87,6.75274,559
516,605,64,1280,2048,64,160,2,64,1,1,1,2,16,16,4,5,0,"[64, 160, 0]","[4, 5, 0]","[0, 0, 2]",True,True,True,hip://0,603,True,7.24,101.84,14.07286,582
517,606,64,1280,2048,64,160,8,64,1,1,1,2,16,16,4,5,0,"[64, 160, 0]","[4, 5, 0]","[0, 0, 8]",True,True,True,hip://0,604,True,7.24,18.68,2.58081,424
518,607,64,1280,2048,64,160,4,64,1,1,1,2,16,16,4,5,0,"[64, 160, 0]","[4, 5, 0]","[0, 0, 4]",True,True,True,hip://0,605,True,7.24,81.32,11.23653,575
519,608,64,1280,2048,64,32,4,64,1,1,1,2,16,16,4,1,0,"[64, 32, 0]","[4, 1, 0]","[0, 0, 4]",True,True,True,hip://0,606,True,7.24,20.78,2.87174,458
520,609,64,1280,2048,16,160,16,64,1,1,1,2,16,16,1,5,0,"[16, 160, 0]","[1, 5, 0]","[0, 0, 16]",True,True,True,hip://0,607,True,7.24,8.88,1.22671,117
521,610,64,1280,2048,16,160,2,64,1,1,1,2,16,16,1,5,0,"[16, 160, 0]","[1, 5, 0]","[0, 0, 2]",True,True,True,hip://0,608,True,7.24,15.52,2.14459,361
522,611,64,1280,2048,32,160,16,64,1,1,1,2,16,16,2,5,0,"[32, 160, 0]","[2, 5, 0]","[0, 0, 16]",True,True,True,hip://0,609,True,7.24,12.31,1.70147,259
523,612,64,1280,2048,32,160,2,64,1,1,1,2,16,16,2,5,0,"[32, 160, 0]","[2, 5, 0]","[0, 0, 2]",True,True,True,hip://0,610,True,7.24,34.1,4.71241,517
524,613,64,1280,2048,32,160,8,64,1,1,1,2,16,16,2,5,0,"[32, 160, 0]","[2, 5, 0]","[0, 0, 8]",True,True,True,hip://0,611,True,7.24,14.75,2.03828,346
525,614,64,1280,2048,32,160,4,64,1,1,1,2,16,16,2,5,0,"[32, 160, 0]","[2, 5, 0]","[0, 0, 4]",True,True,True,hip://0,612,True,7.24,11.48,1.58623,227
526,615,64,1280,2048,32,32,1,64,1,1,1,2,16,16,2,1,0,"[32, 32, 0]","[2, 1, 0]","[0, 0, 1]",True,True,True,hip://0,613,True,7.24,11.38,1.57322,224
527,616,64,1280,2048,32,64,1,64,1,1,1,2,16,16,2,2,0,"[32, 64, 0]","[2, 2, 0]","[0, 0, 1]",True,True,True,hip://0,614,True,7.24,12.5,1.72762,275
528,617,64,1280,2048,32,32,32,64,1,1,1,2,16,16,2,1,0,"[32, 32, 0]","[2, 1, 0]","[0, 0, 32]",True,True,True,hip://0,615,True,7.24,12.89,1.78168,292
529,618,64,1280,2048,32,32,16,64,1,1,1,2,16,16,2,1,0,"[32, 32, 0]","[2, 1, 0]","[0, 0, 16]",True,True,True,hip://0,616,True,7.24,8.81,1.21766,115
530,619,64,1280,2048,32,64,32,64,1,1,1,2,16,16,2,2,0,"[32, 64, 0]","[2, 2, 0]","[0, 0, 32]",True,True,True,hip://0,617,True,7.24,7.58,1.04764,55
531,620,64,1280,2048,32,64,16,64,1,1,1,2,16,16,2,2,0,"[32, 64, 0]","[2, 2, 0]","[0, 0, 16]",True,True,True,hip://0,618,True,7.24,9.95,1.37524,173
532,621,64,1280,2048,32,32,2,64,1,1,1,2,16,16,2,1,0,"[32, 32, 0]","[2, 1, 0]","[0, 0, 2]",True,True,True,hip://0,619,True,7.24,8.96,1.23746,119
533,622,64,1280,2048,32,32,8,64,1,1,1,2,16,16,2,1,0,"[32, 32, 0]","[2, 1, 0]","[0, 0, 8]",True,True,True,hip://0,620,True,7.24,9.41,1.30016,143
534,623,64,1280,2048,32,64,2,64,1,1,1,2,16,16,2,2,0,"[32, 64, 0]","[2, 2, 0]","[0, 0, 2]",True,True,True,hip://0,621,True,7.24,6.27,0.86667,6
535,624,64,1280,2048,32,64,8,64,1,1,1,2,16,16,2,2,0,"[32, 64, 0]","[2, 2, 0]","[0, 0, 8]",True,True,True,hip://0,622,True,7.24,10.51,1.45212,199
536,625,64,1280,2048,32,64,4,64,1,1,1,2,16,16,2,2,0,"[32, 64, 0]","[2, 2, 0]","[0, 0, 4]",True,True,True,hip://0,623,True,7.24,6.57,0.90782,13
537,626,64,1280,2048,32,32,4,64,1,1,1,2,16,16,2,1,0,"[32, 32, 0]","[2, 1, 0]","[0, 0, 4]",True,True,True,hip://0,624,True,7.24,8.13,1.12336,84
562,627,64,1280,2048,32,16,1,64,1,1,2,1,16,16,1,1,0,"[32, 16, 0]","[1, 1, 0]","[0, 0, 1]",True,True,True,hip://0,625,True,7.24,7.55,1.04265,50
563,628,64,1280,2048,32,32,1,64,1,1,2,1,16,16,1,2,0,"[32, 32, 0]","[1, 2, 0]","[0, 0, 1]",True,True,True,hip://0,626,True,7.24,11.5,1.58884,228
565,629,64,1280,2048,32,320,1,64,1,1,2,1,16,16,1,20,0,"[32, 320, 0]","[1, 20, 0]","[0, 0, 1]",True,True,True,hip://0,627,True,7.24,12.5,1.72796,276
566,630,64,1280,2048,32,256,1,64,1,1,2,1,16,16,1,16,0,"[32, 256, 0]","[1, 16, 0]","[0, 0, 1]",True,True,True,hip://0,628,True,7.24,33.6,4.64277,516
567,631,64,1280,2048,32,128,1,64,1,1,2,1,16,16,1,8,0,"[32, 128, 0]","[1, 8, 0]","[0, 0, 1]",True,True,True,hip://0,629,True,7.24,40.62,5.61322,536
569,632,64,1280,2048,32,32,2,64,1,1,2,1,16,16,1,2,0,"[32, 32, 0]","[1, 2, 0]","[0, 0, 2]",True,True,True,hip://0,630,True,7.24,19.6,2.70797,438
570,633,64,1280,2048,32,16,32,64,1,1,2,1,16,16,1,1,0,"[32, 16, 0]","[1, 1, 0]","[0, 0, 32]",True,True,True,hip://0,631,True,7.24,9.23,1.27577,134
571,634,64,1280,2048,32,32,32,64,1,1,2,1,16,16,1,2,0,"[32, 32, 0]","[1, 2, 0]","[0, 0, 32]",True,True,True,hip://0,632,True,7.24,8.55,1.18123,101
572,635,64,1280,2048,32,16,16,64,1,1,2,1,16,16,1,1,0,"[32, 16, 0]","[1, 1, 0]","[0, 0, 16]",True,True,True,hip://0,633,True,7.24,8.5,1.17491,98
573,636,64,1280,2048,32,16,8,64,1,1,2,1,16,16,1,1,0,"[32, 16, 0]","[1, 1, 0]","[0, 0, 8]",True,True,True,hip://0,634,True,7.24,7.86,1.08582,65
574,637,64,1280,2048,32,32,16,64,1,1,2,1,16,16,1,2,0,"[32, 32, 0]","[1, 2, 0]","[0, 0, 16]",True,True,True,hip://0,635,True,7.24,6.64,0.91712,15
575,638,64,1280,2048,32,32,8,64,1,1,2,1,16,16,1,2,0,"[32, 32, 0]","[1, 2, 0]","[0, 0, 8]",True,True,True,hip://0,636,True,7.24,7.4,1.02312,42
576,639,64,1280,2048,32,64,2,64,1,1,2,1,16,16,1,4,0,"[32, 64, 0]","[1, 4, 0]","[0, 0, 2]",True,True,True,hip://0,637,True,7.24,6.06,0.8376,1
577,640,64,1280,2048,32,320,2,64,1,1,2,1,16,16,1,20,0,"[32, 320, 0]","[1, 20, 0]","[0, 0, 2]",True,True,True,hip://0,638,True,7.24,10.25,1.41707,183
578,641,64,1280,2048,32,256,2,64,1,1,2,1,16,16,1,16,0,"[32, 256, 0]","[1, 16, 0]","[0, 0, 2]",True,True,True,hip://0,639,True,7.24,44.07,6.08957,549
579,642,64,1280,2048,32,128,2,64,1,1,2,1,16,16,1,8,0,"[32, 128, 0]","[1, 8, 0]","[0, 0, 2]",True,True,True,hip://0,640,True,7.24,20.6,2.84663,454
580,643,64,1280,2048,32,64,32,64,1,1,2,1,16,16,1,4,0,"[32, 64, 0]","[1, 4, 0]","[0, 0, 32]",True,True,True,hip://0,641,True,7.24,12.83,1.77272,288
581,644,64,1280,2048,32,64,16,64,1,1,2,1,16,16,1,4,0,"[32, 64, 0]","[1, 4, 0]","[0, 0, 16]",True,True,True,hip://0,642,True,7.24,12.45,1.71991,270
582,645,64,1280,2048,32,64,8,64,1,1,2,1,16,16,1,4,0,"[32, 64, 0]","[1, 4, 0]","[0, 0, 8]",True,True,True,hip://0,643,True,7.24,11.71,1.61881,236
583,646,64,1280,2048,32,256,4,64,1,1,2,1,16,16,1,16,0,"[32, 256, 0]","[1, 16, 0]","[0, 0, 4]",True,True,True,hip://0,644,True,7.24,6.66,0.92091,16
584,647,64,1280,2048,32,320,8,64,1,1,2,1,16,16,1,20,0,"[32, 320, 0]","[1, 20, 0]","[0, 0, 8]",True,True,True,hip://0,645,True,7.24,34.87,4.8181,521
585,648,64,1280,2048,32,256,8,64,1,1,2,1,16,16,1,16,0,"[32, 256, 0]","[1, 16, 0]","[0, 0, 8]",True,True,True,hip://0,646,True,7.24,170.27,23.52791,598
586,649,64,1280,2048,32,128,16,64,1,1,2,1,16,16,1,8,0,"[32, 128, 0]","[1, 8, 0]","[0, 0, 16]",True,True,True,hip://0,647,True,7.24,99.43,13.73945,579
587,650,64,1280,2048,32,128,4,64,1,1,2,1,16,16,1,8,0,"[32, 128, 0]","[1, 8, 0]","[0, 0, 4]",True,True,True,hip://0,648,True,7.24,19.5,2.69413,436
588,651,64,1280,2048,32,128,8,64,1,1,2,1,16,16,1,8,0,"[32, 128, 0]","[1, 8, 0]","[0, 0, 8]",True,True,True,hip://0,649,True,7.24,10.69,1.47702,206
